00001,SHACKLE L/R - 3/16',1,250,,
00002,SHACKLE L/R - 1/4',1,1000,,SAMCO
00003,SHACKLE L/R - 5/16',1.2,1000,,SAMCO
00005,SHACKLE L/R - 5/8',8,1000,,SAMCO
00006,SHACKLE L/R - 3/4',12,1000,,SAMCO
00007,SHACKLE L/R - 1',22,1000,,SAMCO
00008,SHACKLE L/R - 1.1/4',32,1000,,SAMCO
00009,SHACKLE L/R - 1.3/8',,1000,,SAMCO
00011,SHACKLE S/S - 3/16',2,1000,,SAMCO
00012,SHACKLE S/S - 1/4',3,1000,,SAMCO
00013,SHACKLE S/S - 5/16',4,1000,,SAMCO
00014,SHACKLE S/S - 3/8',7,1000,,SAMCO
00015,SHACKLE S/S - 7/16',8,1000,,SAMCO
00016,SHACKLE S/S - 1/2',11,1000,,SAMCO
00017,SHACKLE S/S - 9/16',14,1000,,SAMCO
00018,SHACKLE S/S - 5/8',18,0,,SAMCO
00019,SHACKLE S/S - 3/4',28,0,,SAMCO
00020,SHACKLE S/S - 7/8',38,0,,SAMCO
00021,SHACKLE S/S - 1',48,0,,SAMCO
00022,THIMBLE S/S - 1/4',2,0,,SAMCO
00023,THIMBLE S/S - 5/16',3,0,,SAMCO
00024,THIMBLE S/S - 3/8',4,0,,SAMCO
00025,THIMBLE S/S - 7/16',6,0,,SAMCO
00026,THIMBLE S/S - 1/2',7,0,,SAMCO
00027,THIMBLE S/S - 5/8',12,0,,SAMCO
00028,THIMBLE S/S - 3/4',14,0,,SAMCO
00029,THIMBLE S/S - 7/8',26,0,,SAMCO
00030,THIMBLE S/S - 1',19.95,0,,SAMCO
00031,THIMBLE S/S - 1-1/4',,0,,SAMCO
00032,THIMBLE GALV - 7/16',1,0,,SAMCO
00033,THIMBLE GALV - 5/8',2.5,0,,SAMCO
00034,THIMBLE GALV - 3/4',6,0,,SAMCO
00035,THIMBLE GALV - 1',8,0,,SAMCO
00036,THIMBLE GALV - 1-1/2',,0,,SAMCO
00037,ACTION DEGREASER (CASE),56,0,,SNEE CHEMICAL
00038,RUST DISSOLVE,14,0,,SNEE CHEMICAL
00039,ENDALL RUST,65,0,,SNEE CHEMICAL
00040,PROTEK HD - 1 GAL,,0,,?
00041,SPUD GREASE,,0,,?
00042,OPEN CHAIN GEAR LUBRICANT,7.5,0,,?
00043,BLACK & YELLOW (SMALL),16,0,,?
00044,BLACK & YELLOW (LARGE),32,0,,?
00045,PROTEK HD - 5 GAL,,0,,?
00046,REFRIGERATION OIL - ISO-32,105,0,,JOHNSTONE
00047,WEATHER BARRIER MASTIC CP-10,,0,,?
00048,SODIUM,65,0,,?
00049,DIESEL ENGINE OIL - Mega Shrimp Boat SAE 40,60,0,,SOUTH TEXAS OIL
00050,HYDRAULIC OIL (5 GAL) - MEGA PREMIUM HYDRAULIC PLUS AW 68,55,0,,SOUTH TEXAS OIL
00051,FILTER - LP 2247,,0,,CARQUEST
00052,FILTER - FF211 -  BF584,11,0,,CARQUEST
00053,FILTER - LF667 - B7600,11,0,,CARQUEST
00054,FILTER - LF678 -  BT259,11.5,0,,CARQUEST
00055,FILTER - LF680 - BT287,11.5,0,,CARQUEST
00056,FILTER - LF691 - LFP4005 - B99,16,0,,CARQUEST
00057,FILTER - LF691A,18,0,,CARQUEST
00058,FILTER - LF3642 - B7144,15.5,0,,CARQUEST
00059,FILTER - FF5320 - BF7633,9,0,,CARQUEST
00060,FILTER - HF6243,,0,,CARQUEST
00061,FILTER - HF6802,,0,,CARQUEST
00062,FILTER - L3887F - BF7674,,0,,CARQUEST
00063,FILTER - PA1681-FN,,0,,CARQUEST
00064,FILTER - BF825,,0,,CARQUEST
00065,FILTER - 8-94321219-1 ISUZU OIL,,0,,CARQUEST
00066,PAINT - BLACK 801,,0,,BLP
00067,PAINT - 4002 LT BLUE SEA HAWK,,0,,BLP
00068,PAINT - 3441 RED SEA HAWK,,0,,BLP
00069,FLOAT - YELLOW 8',,0,,IMPORT
00070,FLOAT - ORANGE/PURPLE HARD 8',18,0,,IMPORT
00071,FLOAT - BULLET,16,0,,IMPORT
00072,WOODEN FLIPPER 12',3.5,0,,COMMODORE
00073,WOODEN FLIPPER 5',1,0,,COMMODORE
00074,WOODEN FLIPPER 6',1.2,0,,COMMODORE
00075,WOODEN KEEPER,0.75,0,,COMMODORE
00076,SPLIT LEADS 3OZ 7/16',4.5,0,,?
00077,SPLIT LEADS 4OZ 1/2',4.5,0,,?
00078,SPLIT LEADS 5OZ 9/16',4.5,0,,?
00079,MUD ROLLER 6',2.5,0,,IMPORT
00080,MUD ROLLER 9',4.5,0,,IMPORT
00081,NEEDLE - SHORT,1,0,,IMPORT
00082,NEEDLE - LARGE,1.5,0,,IMPORT
00083,KNIFE - STEAK,,0,,HERITAGE WHOLESALE
00084,KNIFE - DEXTER 3' WHITE WIDE ,,0,,HERITAGE WHOLESALE
00085,TWINE - GREEN,10,0,,TYTAN
00086,TWINE - WHITE,9,0,,TYTAN
00087,TWINE - PURPLE 1LB,15,0,,TYTAN
00088,TWINE - BRAIDED 2LB,25,0,,TYTAN
00089,HAT STRAW,5,0,,?
00090,HAT POLYESTER,5,0,,?
00091,STOOL,25,0,,CAU THONG
00092,BASKET - BLUE,5,0,,IMPORT
00093,BASKET - PURPLE (SMALL),15,0,,IMPORT
00094,BASKET - PURPLE (LARGE),19,0,,IMPORT
00095,DECK HANDLE WITH SCREW,8,0,,?
00096,SHOVEL - ICE,35,0,,IMPORT
00097,SHOVEL - ICE BREAKER,,0,,IMPORT
00098,BROOM,,0,,IMPORT
00099,ALUMINUM FISH NET FRAME,99,0,,DONOVAN
00100,PUSH STICK - ALUMINUM SHORT,,0,,IMPORT
00101,PUSH STICK - ALUMINUM LONG ,35,0,,IMPORT
00102,TRYNET HOOK S/S,35,0,,IMPORT
00103,CULLING RAKE,8.5,0,,IMPORT
00104,FISH EYE - ALUMINUM,32,0,,IMPORT
00105,SHACKLE L/R - 3/8',1.5,0,,SAMCO
00106,SHACKLE L/R - 7/16',2.2,0,,SAMCO
00107,SHACKLE L/R - 1/2',2.8,0,,SAMCO
00108,SHACKLE L/R - 7/8',16,0,,SAMCO
00109,SWIVEL GALV 1/4',1.5,0,,SAMCO
00110,SWIVEL GALV 3/8',4,0,,SAMCO
00111,SWIVEL GALV 5/8',10,0,,SAMCO
00112,SWIVEL GALV 3/4',14,0,,SAMCO
00113,SWIVEL GALV 7/8',21,0,,SAMCO
00114,SWIVEL GALV 1',24,0,,SAMCO
00115,SWIVEL S/S - 1/4',5,0,,SAMCO
00116,SWIVEL S/S - 3/8',9,0,,SAMCO
00117,SWIVEL S/S - 1/2',16,0,,SAMCO
00118,SWIVEL S/S - 5/8',21,0,,SAMCO
00119,SWIVEL S/S - 7/16',12,0,,SAMCO
00120,CABLE CLAMP  -  S/S - 5/16',4,0,,SAMCO
00121,CABLE CLAMP  -  S/S - 3/8',5,0,,SAMCO
00122,CABLE CLAMP  -  S/S - 7/16',8,0,,SAMCO
00123,CABLE CLAMP  -  S/S - 7/8',18,0,,SAMCO
00124,CABLE CLAMP  -  S/S - 1',14.3,0,,SAMCO
00125,SNAP HOOK S/S - 3/16',,0,,SAMCO
00126,SNAP HOOK S/S - 3/8',7,0,,SAMCO
00127,SNAP HOOK S/S - 1/2',12,0,,SAMCO
00128,SNAP HOOK S/S - 9/16',14,0,,SAMCO
00129,QUICKLINK S/S - 3/8',7,0,,SAMCO
00130,QUICKLINK S/S - 1/2',12,0,,SAMCO
00131,QUICKLINK S/S - 5/8',15,0,,SAMCO
00132,COPPER SLEEVE - 1/4',2,0,,SSC
00133,COPPER SLEEVE - 3/8',4.5,0,,SSC
00134,ALUMINUM SLEEVE,,0,,IMPORT
00135,COPPER SLEEVE - 5/16',3.5,0,,SSC
00136,CHAIN HOLDER  -  S/S - 1/2',20,0,,IMPORT
00137,QUICKLINK S/S - 1/4',5,0,,SAMCO
00138,PELICAN HOOK GALV - 5/8',25,0,,?
00139,TURNBUCKLE S/S JAW TO JAW- 1/4',,0,,SAMCO
00140,TURNBUCKLE S/S EYE TO EYE - 1/2',15,0,,SAMCO
00141,TURNBUCKLE S/S EYE TO EYE - 3/4',,0,,SAMCO
00142,RING S/S - 1/4',,0,,SAMCO
00143,RING S/S - 1/2' X 5',,0,,SAMCO
00144,RING GALV - 1/2' X 5',,0,,SAMCO
00145,RING S/S - 5/8'X6',,0,,SAMCO
00146,RING GALV - 5X8' X 6',,0,,SAMCO
00147,SWIVEL S/S - 1',56,0,,SAMCO
00148,S HOOK - GALV,,0,,SAMCO
00149,HOOK GALVANIZED 5/8',10,0,,SSC
00150,HOOK GALVANIZED 7/8',21,0,,SSC
00151,HOOK GALVANIZED 1.1/8',32,0,,SSC
00152,HOOK S/S - 5/8',15,0,,SSC
00153,HOOK S/S - 9/16',,0,,SSC
00154,HOOK S/S - 7/8',24,0,,SSC
00155,HOOK S/S - 1.1/8',42,0,,SSC
00156,HOOK S/S - 1.3/8',,0,,SSC
00157,THIMBLE GALV - 3/8',0.75,0,,SAMCO
00201,45 BL-110 5FT IDN VAPOR THERMOMETER,145,1,,
00202,505 BUSHING - 5' THIN,120,0,,IMPORT
00203,505 BUSHING - 7' THICK,185,50,,IMPORT
00204,505 BUSHING - 7' THIN,160,0,,IMPORT
00205,505 FRICTION BLOCK,550,0,,IMPORT
00206,505 SPRING - 3-1/2',98,0,,IMPORT
00207,505 SPRING - 3-2/3',98,0,,IMPORT
00208,505 WASHER COPPER,25,0,,IMPORT
00209,505 WASHER STEEL,12,0,,IMPORT
00210,???,0,0,,
00211,ACTION DEGREASER (1 GAL),14,0,,SNEE CHEMICAL
00212,ALUMINUM SUPPORT TUBE KIT,26,0,,DONOVAN
00213,ANCHOR - LARGE,950,0,,IMPORT
00214,ANCHOR - SMALL,750,0,,IMPORT
00215,ANCHOR ROLLER 6' STAINLESS,525,0,,IMPORT
00216,ANNUNCIATOR - MURPHY ALARM,564.98,0,,DONOVAN
00217,ANTENNA - A99,90,0,,?
00218,ANTENNA - CABLE,2.25,0,,?
00219,ANTENNA - VHF,850,0,,?
00220,APRON - BROWN (HEAVY DUTY),16,0,,HERITAGE
00221,APRON - GREEN,8,0,,HERITAGE
00222,AXE HATCHET,20,0,,?
00223,BABIT (PER LBS),25,0,,?
00224,BALL JOINT KIT - 1/4,11,0,,?
00225,BASKET - ORANGE,15,0,,IMPORT
00226,BASKET - OYSTER,98,0,,IMPORT
00227,BATTERY - D4,4,0,,?
00228,BATTERY CLAMP,7,0,,?
00229,BEARING - 1' PB350UR MD,45,0,,MOTION
00230,BEARING - 1-1/2' DODGE,275,0,,MOTION
00231,BEARING - 1-1/2' MD,75,0,,MOTION
00232,BEARING - 1-1/4' PB250UR MD,60,0,,MOTION
00233,BEARING - 1-3/4' FLANGE HD,275,0,,MOTION
00234,BEARING - 1-3/4' PB250UR MD,85,0,,MOTION
00235,BEARING - 2' MD,125,0,,MOTION
00236,BEARING - 2' UCF209 LD,50,0,,MOTION
00237,BEARING - 2' UCF211-32 LD,75,0,,MOTION
00238,BEARING - 2-1/2' KML UCF213-40,125,0,,MOTION
00239,BEARING - 2-1/2' PB350DRW MD,165,0,,MOTION
00240,BEARING - 2-1/4' FLANGE KML,125,0,,MOTION
00241,BEARING - 2-1/4' HD,0,0,,MOTION
00242,BEARING - 2-1/4' THRUST,220,0,,MOTION
00243,BEARING - 2-1/4' TRYNET,145,0,,MOTION
00244,BEARING - 2-7/16' PB HUBCITY,175,0,,MOTION
00245,BEARING - 2-7/16' TIMKEN HD,340,0,,MOTION
00246,BEARING - 3' FB350UR MD,250,0,,MOTION
00247,BEARING - 3' HD,538,0,,MOTION
00248,BEARING - 3' KML FLANGE,250,0,,MOTION
00249,BEARING - 3' PB350UR MD,250,0,,MOTION
00250,BEARING - 8S158,0,0,,MOTION
00251,BEARING - 8S42MM,0,0,,MOTION
00252,BEARING - F4BE112R,0,0,,MOTION
00253,BEARING - MA489,195,0,,MOTION
00254,BEARING - MA986,125,0,,MOTION
00255,BEARING - T201 TIMKEN,198,0,,MOTION
00256,BEARING - T252 TIMKEN,289,0,,MOTION
00257,BEARING - T350 ENDURO,420,0,,MOTION
00258,BELT - C195,350,0,,?
00259,BELT - C210,320,0,,?
00260,BELT - C220,,0,,?
00261,BELT SUPPORT,12,0,,?
00262,BIB - 5LB,25,0,,?
00263,BILGE PUMP  -  2000,166,0,,?
00264,BLOCK - 1 TON S/S,18,0,,SAMCO
00265,BLOCK - 10 TON 8',145,0,,SAMCO
00266,BLOCK - 2 TON,26,0,,SAMCO
00267,BLOCK - 20 TON 16' USA,1600,0,,SAMCO
00268,BLOCK - 20 TON CHINA,1250,0,,SAMCO
00269,BLOCK - 25 TON,1350,0,,SAMCO
00270,BLOCK - 5 TON SINGLE 6',75,0,,SAMCO
00271,BLOCK - DOUBLE 10',210,0,,SAMCO
00272,BLOCK - DOUBLE 4',55,0,,SAMCO
00273,BLOCK - DOUBLE 6',88,0,,SAMCO
00274,BLOCK - DOUBLE 8',140,0,,SAMCO
00275,BLOCK - FAT BOY 5 TON,175,0,,SAMCO
00276,BLOCK - S/S - 100,75,0,,SAMCO
00277,BLOCK - S/S FAT BOY,650,0,,SAMCO
00278,BLOCK - S/S OPEN #4,240,0,,SAMCO
00279,BLOCK - SINGLE 12',195,0,,SAMCO
00280,BLOCK - SINGLE 16' USA,1600,0,,SAMCO
00281,BLOCK - SINGLE 16',1250,0,,SAMCO
00282,BLOCK - SINGLE 4',35,0,,SAMCO
00283,BLOCK - SINGLE 6',54,0,,SAMCO
00284,BLOCK - SINGLE 8',75,0,,SAMCO
00285,BLOCK - SINGLE TRAWL 8',145,0,,SAMCO
00286,BLOCK - SNATCH 10' 12T,275,0,,SAMCO
00287,BLOCK - SNATCH 10',110,0,,SAMCO
00288,BLOCK - SNATCH 12',175,0,,SAMCO
00289,BLOCK - SNATCH 6',64,0,,SAMCO
00290,BLOCK - SNATCH 8',84,0,,SAMCO
00291,BLOCK - TRIPLE 10',270,0,,SAMCO
00292,BLOCK - TRIPLE 8',230,0,,SAMCO
00293,BLOCK - TRYNET (BIG),75,0,,SAMCO
00294,BLOCK - TRYNET (SMALL),55,0,,SAMCO
00295,BLOCK - WOOD 10',120,0,,SAMCO
00296,BLOCK - WOOD 6',68,0,,SAMCO
00297,BLOCK - WOOD 8',84,0,,SAMCO
00298,BOLT CUTTER - 36',55,0,,WHOLESALE
00299,BOLT CUTTER - 42',75,0,,WHOLESALE
00300,BOW STOP - S/S - 2-1/4',750,0,,IMPORT
00301,BOW STOP - STEEL - 2-1/4',550,0,,IMPORT
00302,BREAK DRUM - COPPER,3150,0,,IMPORT
00303,BREAK DRUM - IMPORT,850,0,,IMPORT
00304,BREAK LINER - 3-1/2X1/2,40,0,,?
00305,BREAK LINER - 3/8X3,21,0,,?
00306,BREAK LINER - 4-1/2X1/2 ROLL/FT,47,0,,?
00307,BREAK LINER - 4-1/2X1/2' FT,57,0,,?
00308,BREAK LINER - 4X1/2' FT,55,0,,?
00309,BREAK LINER - 4X1/2' ROLL/FT,45,0,,?
00310,BREAK LINER - 5X1/2' FT,60,0,,?
00311,BREAK LINER - 5X1/2' ROLL/FT,50,0,,?
00312,BREAK LINER - 6X1/2' FT,65,0,,?
00313,BREAK LINER - 6X1/2' ROLL/FT,55,0,,?
00314,BREAK LINER - 6X5/8' FT,74,0,,?
00315,BREAK LINER - 6X5/8' ROLL/FT,64,0,,?
00316,BREAK LINER - GRAY 1/2'X6',65,0,,?
00317,BUSHING - 1-1/8',27,0,,MOTION
00318,BUSHING - 1-3/4',37,0,,MOTION
00319,BUSHING - 2-1/2',75,0,,MOTION
00320,BUSHING - 7/8 DODGE,25,0,,MOTION
00321,BUSHING - BRASS - 3',65,0,,IMPORT
00322,BUSHING - BRASS - 4',75,0,,IMPORT
00323,BUSHING - BRASS - 5-5/8' X 3-1/2',120,0,,IMPORT
00324,BUSHING - E3 MASTERDRIVE,125,0,,MOTION
00325,CABLE CLAMP  -   40 SER,7,0,,SAMCO
00326,CABLE CLAMP  -  GALV - 1',5,0,,SAMCO
00327,CABLE CLAMP  -  GALV - 1-1/8',6.5,0,,SAMCO
00328,CABLE CLAMP  -  GALV - 1/2',1,0,,SAMCO
00329,CABLE CLAMP  -  GALV - 1/4',1,0,,SAMCO
00330,CABLE CLAMP  -  GALV - 3/4',2,0,,SAMCO
00331,CABLE CLAMP  -  GALV - 3/8',1,0,,SAMCO
00332,CABLE CLAMP  -  GALV - 5/16',1,0,,SAMCO
00333,CABLE CLAMP  -  GALV - 5/8',2,0,,SAMCO
00334,CABLE CLAMP  -  GALV - 7/16',1,0,,SAMCO
00335,CABLE CLAMP  -  GALV - 7/8',3.5,0,,SAMCO
00336,CABLE CLAMP  -  S/S - 1/2',7,0,,SAMCO
00337,CABLE CLAMP  -  S/S - 1/4',3,0,,SAMCO
00338,CABLE CLAMP  -  S/S - 3/16',2,0,,SAMCO
00339,CABLE CLAMP  -  S/S - 3/4',12,0,,SAMCO
00340,CABLE CLAMP  -  S/S - 5/8',9,0,,SAMCO
00341,CABLE CUTTER  -  24',24,0,,WHOLESALE
00342,CABLE FITTING  -  30 SER,5,0,,SSC
00343,CABLE FITTING  -  40 SER,12,0,,SSC
00344,CABLE S/S  -  1',6.5,0,,SSC
00345,CABLE S/S  -  1/2',2.25,0,,SSC
00346,CABLE S/S  -  1/4',1,0,,SSC
00347,CABLE S/S  -  11/16',3.05,0,,SSC
00348,CABLE S/S  -  3/4',4.5,0,,SSC
00349,CABLE S/S  -  3/8',1.5,0,,SSC
00350,CABLE S/S  -  5/16',1.2,0,,SSC
00351,CABLE S/S  -  5/8',2.8,0,,SSC
00352,CABLE S/S  -  7/16',1.8,0,,SSC
00353,CABLE S/S  -  7/8',6.75,0,,SSC
00354,CABLE S/S  -  9/16',2.25,0,,SSC
00355,CABLE SPIKE  -  S/S - 16',64,0,,?
00356,CABLE SPIKE  -  S/S - 18',72,0,,?
00357,CAR FUSE SET 15PC,4.5,0,,?
00358,CAT HEAD  -  505,800,0,,IMPORT
00359,CAT HEAD  -  S/S - 2-3/8',750,0,,IMPORT
00360,CAT HEAD  -  STEEL - 2-1/4',600,0,,IMPORT
00361,CAT HEAD  -  STEEL - 3-1/2',900,0,,IMPORT
00362,CAULK GUN,3,0,,WHOLESALE
00363,CERABLANKET,6.5,0,,?
00364,CHAIN  -  GALV - 1',14,0,,SSC
00365,CHAIN  -  GALV - 1/2',5.5,0,,SSC
00366,CHAIN  -  GALV - 1/4',1.2,0,,SSC
00367,CHAIN  -  GALV - 3/16',1,0,,SSC
00368,CHAIN  -  GALV - 3/4',10,0,,SSC
00369,CHAIN  -  GALV - 3/8',2.5,0,,SSC
00370,CHAIN  -  GALV - 5/16',2,0,,SSC
00371,CHAIN  -  GALV - 5/8',8,0,,SSC
00372,CHAIN  -  GALV - 7/16',3.5,0,,SSC
00373,CHAIN  -  GALV - 7/8',10,0,,SSC
00374,CHAIN  -  HIGH TEST GALV - 1/2',5.5,0,,SSC
00375,CHAIN  -  HIGH TEST GALV - 3/4',10,0,,SSC
00376,CHAIN  -  HIGH TEST GALV - 3/8',2.75,0,,SSC
00377,CHAIN  -  HIGH TEST GALV - 7/16',4,0,,SSC
00378,CHAIN  -  HIGH TEST GALV - 7/8',10,0,,SSC
00379,CHAIN  -  S/S - 1/2',12,0,,SSC
00380,CHAIN  -  S/S - 1/4',4,0,,SSC
00381,CHAIN  -  S/S - 3/8' (400' BARREL),1900,0,,SSC
00382,CHAIN  -  S/S - 3/8',8,0,,SSC
00383,CHAIN  -  S/S - 5/16' (BARREL OF 275'),1350,0,,SSC
00384,CHAIN  -  S/S - 5/16' (BARREL OF 275'),950,0,,SSC
00385,CHAIN  -  S/S - 5/8',16,0,,SSC
00386,CHAIN  -  S/S - 7/16',10,0,,SSC
00387,CHAIN  -  S/S - 7/8',19,0,,SSC
00388,CHAIN  -  S/S - 9/16',14,0,,SSC
00389,CHAIN - STEEL DOOR SET,60,0,,SSC
00390,CHAIN HOLDER  -  S/S - 9/16',22,0,,IMPORT
00391,CHAIN S/S LONG FOR DOORS,12,0,,SSC
00392,CHAIN STOPPER  -  S/S - 1/2',20,0,,IMPORT
00393,CHAIN STOPPER  -  S/S - 9/16',22,0,,IMPORT
00394,CLAMP BLOCK KIT OUTBOARD,94,0,,DONOVAN
00395,CLAMP S/S 2.1/2',3,0,,SSC
00396,CLEVIS KIT S/S,14,0,,DONOVAN
00397,COMMERCIAL COLD CONTROL,75,0,,JOHNSTONE
00398,COMNAV 1001,2813,0,,?
00399,COMPRESSOR - 4H.2Y (CORE RETURNED),,0,,BITZER
00400,COMPRESSOR - 4N.2 (CORE RETURNED),3400,0,,BITZER
00401,COMPRESSOR - 4N.2,4500,0,,BITZER
00402,COMPRESSOR - P145 GA12C,145,0,,BITZER
00403,COMPRESSOR 8JEEPOM,60,0,,BITZER
00404,COMPRESSOR OIL - R22,50,0,,BITZER
00405,COMPRESSOR OIL 404,140,0,,BITZER
00406,COMPRESSOR SEAL,580,0,,BITZER
00407,CONTROL CABLE - 3300CC 12',35,0,,DONOVAN
00408,CONTROL CABLE - 3300CC 30',75.98,0,,DONOVAN
00409,CONTROL CABLE - 3300CC 32',65,0,,DONOVAN
00410,CONTROL CABLE - 4300CC 32',134,0,,DONOVAN
00411,CONTROL CABLE - 4300CC 40',153,0,,DONOVAN
00412,CONTROL CABLE - 4300CC 50',175,0,,DONOVAN
00413,CONTROL CABLE - 4300CC 60',210,0,,DONOVAN
00414,COPPER  -  90 DEGREE STREET ELL - 5/8',7,0,,?
00415,COPPER COIL (ROLL) 1/2',110,0,,?
00416,COPPER COIL (ROLL) 3/8',80,0,,?
00417,COPPER COIL (ROLL) 5/8',150,0,,
00418,COPPER PIPE - 1-3/4',8,0,,
00419,COPPER PIPE - 5/8',3.5,0,,
00420,COPPER T - 3/8',7,0,,?
00421,COPPER TREDUCE 1/2'X5/8',6.5,0,,?
00422,CORNER DIP,10,0,,MANUFACTURE
00423,COUPLING - 5/8',5,0,,?
00424,COUPLING - 85158,95,0,,?
00425,COUPLING - 8842MM,95,0,,
00426,CRAB TONGS,15,0,,IMPORT
00427,CRAB TRAP,35,0,,?
00428,CRANKCASE PRESSURE REGULATOR,0,0,,?
00429,CROW BAR - 36'X75',18,0,,WHOLESALE
00430,CUTTING WHEEL - 4',2,0,,WHOLESALE
00431,CUTTING WHEEL - 4.1/2',2.5,0,,WHOLESALE
00432,CUTTING WHEEL - 5',3.5,0,,WHOLESALE
00433,CUTTING WHEEL - 7',5.5,0,,WHOLESALE
00434,D/C 550 - GAL,21,0,,?
00435,DAMPER FUEL LINE,20,0,,?
00436,DAYSHAPE,117,0,,DONOVAN
00437,DECK BRUSH - BLUE,8,0,,?
00438,DECK HORN WATERPROOF,75,0,,?
00439,DEPOSIT,-,0,,?
00440,DEWALT GRINDER,150,0,,?
00441,DOOR HANDLES STEEL,120,0,,IMPORT
00442,DOUBLE CHAIN (TRYNET),28,0,,SSC
00443,DRIER FILTER CORE,36,0,,?
00444,DRIER SHELL,240,0,,?
00445,DRIVE RING - 6931,225,0,,?
00446,DUAL LEVER CONTROL - MARPAC,178.98,0,,?
00447,DUAL PRESSURE CONTROL - 20',145,0,,?
00448,DUCT TAPE,5.5,0,,SAM'S CLUB
00449,DUMMY DOOR SET (STEEL),1950,0,,MANUFACTURE
00450,DUPONT ISCEON M099,240,0,,?
00451,DUST MASK,0.5,0,,WHOLESALE
00452,ELBOW FITTING 3/4' - HYDRAULIC,27,0,,?
00453,ELECTRIC BLACK TAPE,1,0,,WHOLESALE
00454,ELECTRIC CLUTCH 12V - MA-7AJ-1,217,0,,?
00455,END CABLE USA,7.5,0,,?
00456,END CABLE,5,0,,?
00457,ENGINE CONTROLLER,250,0,,?
00458,EXHAUST HOSE 1.1/2' (FT),7.35,0,,?
00459,EXHAUST HOSE 1.1/2' (IN),0.65,0,,?
00460,EXHAUST HOSE 1.3/4' (FT),8.25,0,,?
00461,EXHAUST HOSE 1.3/4' (IN),0.7,0,,?
00462,EXHAUST HOSE 1.5/8' (FT),8.45,0,,?
00463,EXHAUST HOSE 1.5/8' (IN),0.73,0,,?
00464,EXHAUST HOSE 1.7/8' (FT),13.25,0,,?
00465,EXHAUST HOSE 1.7/8' (IN),0.75,0,,?
00466,EXHAUST HOSE 2' (FT),11,0,,?
00467,EXHAUST HOSE 2' (IN),0.8,0,,?
00468,EXHAUST HOSE 2.1/2' (FT),13.25,0,,?
00469,EXHAUST HOSE 2.1/2' (IN),1.15,0,,?
00470,EXHAUST HOSE 2.1/4' (FT),11.2,0,,?
00471,EXHAUST HOSE 2.1/4' (IN),0.95,0,,?
00472,EXHAUST HOSE 2.1/8' (FT),9.6,0,,?
00473,EXHAUST HOSE 2.1/8' (IN),0.85,0,,?
00474,EXHAUST HOSE 2.3/8' (FT),16.25,0,,?
00475,EXHAUST HOSE 2.3/8' (IN),1.1,0,,?
00476,EXHAUST HOSE 2.7/8' (FT),14.6,0,,?
00477,EXHAUST HOSE 2.7/8' (IN),1.25,0,,?
00478,EXHAUST HOSE 3' (FT),20.25,0,,?
00479,EXHAUST HOSE 3' (IN),1.7,0,,?
00480,EXHAUST HOSE 3.1/2' (FT),22.5,0,,?
00481,EXHAUST HOSE 3.1/2' (IN),2.25,0,,?
00482,EXHAUST HOSE 3.1/8' (FT),20.75,0,,?
00483,EXHAUST HOSE 3.1/8' (IN),1.9,0,,?
00484,EXHAUST HOSE 4' (FT),18.75,0,,?
00485,EXHAUST HOSE 4' (IN),1.6,0,,?
00486,EXHAUST HOSE 4.1/2' (FT),26.1,0,,?
00487,EXHAUST HOSE 4.5' (IN),2.2,0,,?
00488,EXHAUST HOSE 5' (FT),26.9,0,,?
00489,EXHAUST HOSE 5' (IN),2.25,0,,?
00490,EXHAUST HOSE 6' (FT),35.45,0,,?
00491,EXHAUST HOSE 6' (IN),2.9,0,,?
00492,EXPANSION VALVE 3/8 X 1/2,105,0,,?
00493,EXPANSION VALVE TS-2,59,0,,?
00494,EXTENSION CORD - 50',40,0,,SAM'S CLUB
00495,FABRICATED SHAFT 3' x 7',566,0,,MANUFACTURE
00496,FEMALE PLUG - 110V,5,0,,?
00497,FIBERGLASS DISK - G80,50,0,,JOHNSON FIBERGLASS
00498,FIBERGLASS MESH - LB,4,0,,JOHNSON FIBERGLASS
00499,FIBERGLASS RESIN - GAL,25,0,,JOHNSON FIBERGLASS
00500,FIBERGLASS RESIN W/ STEEL PAIL - 5 GAL,130,0,,JOHNSON FIBERGLASS
00501,FIBERGLASS RESIN W/ STEEL PAIL - GAL,28,0,,JOHNSON FIBERGLASS
00502,FIBERGLASS TAPE (FT),1,0,,JOHNSON FIBERGLASS
00503,FILTER - 3412,115,0,,CARQUEST
00504,FILTER - 48DM,36,0,,CARQUEST
00505,FILTER - AFO186900,115,0,,CARQUEST
00506,FILTER - AH1107 - PA2805,29.5,0,,CARQUEST
00507,FILTER - AIR 3408,105,0,,CARQUEST
00508,FILTER - BF954,16,0,,CARQUEST
00509,FILTER - BT359,18,0,,CARQUEST
00510,FILTER - FS19583 - BF7674,21,0,,CARQUEST
00511,FILTER - FS20102 - PF598,9.25,0,,CARQUEST
00512,FILTER - L2020FN (BOX),144,0,,CARQUEST
00513,FILTER - LAF4714,110,0,,CARQUEST
00514,FILTER - LF691 (BOX),96,0,,CARQUEST
00515,FILTER - LFF3415,10,0,,CARQUEST
00516,FILTER - LFH4223,18,0,,CARQUEST
00517,FILTER - LP8172,,0,,CARQUEST
00518,FILTER - PA1765,115,0,,CARQUEST
00519,FILTER - PH4403,20,0,,CARQUEST
00520,FILTER AIR - ROLL,90,0,,CARQUEST
00521,FILTER DRIER - DCL415,60,0,,CARQUEST
00522,FIRE EXTINGUISHER,25,0,,DONOVAN
00523,FIRST AID KIT,139.98,0,,DONOVAN
00524,FISH EYE - S/S,35,0,,IMPORT
00525,FISH SHOOTER - DOUBLE BRAIDED,175,0,,MANUFACTURE
00526,FISH SHOOTER,150,0,,IMPORT
00527,FISH TED S/S,35,0,,IMPORT
00528,FISH WEBBING DOUBLE BRAID,175,0,,MANUFACTURE
00529,FISKAR SCISSOR,21,0,,?
00530,Flap Sanding Disc Set - 4.1/2',0,0,,WHOLESALE
00531,FLARE - PARACHUTE,55,0,,DONOVAN
00532,FLASHLIGHT LED,7,0,,?
00533,FLAT 3/4 X 6 X 20,,0,,REGIONAL STEEL
00534,FLAT BAR  -  S/S: 1/2' X 3' (PER FT),15,0,,REGIONAL STEEL
00535,FLAT BAR  -  S/S: 1/4' X 1-1/2' (PER FT),10,0,,REGIONAL STEEL
00536,FLAT BAR  -  S/S: 1/4' X 1-1/4' (PER  FT),5,0,,REGIONAL STEEL
00537,FLAT BAR - 1-1/4X1/4X12',120,0,,REGIONAL STEEL
00538,FLOAT - BROWN (SMALL),4,0,,IMPORT
00539,FLOAT - PURPLE HARD 8',18,0,,IMPORT
00540,FLOAT - YELLOW - LARGE,11,0,,IMPORT
00541,FLOAT - YELLOW - SMALL,9,0,,IMPORT
00542,FREEON 22,350,0,,?
00543,FREEON 404,120,0,,?
00544,FREEON A99,240,0,,?
00545,FRICTION HUB S/S SET,1200,0,,?
00546,G/SQUARE TUBE 3 (188) X 20,0,0,,?
00547,G/W.F. BEAM 6 (15) X 20,0,0,,?
00548,GALV. EXP. METAL RAISED 1-1/2 #6 - 5X10,,0,,?
00549,GASKET (FOR DOORS) FT,6,0,,?
00550,GASKET - 3',15,0,,?
00551,GASKET 8',25,0,,?
00552,GEAR CHAIN CONNECTOR,5,0,,?
00553,GEAR CHAIN COUPLING  -  8020,,0,,?
00554,GEAR CHAIN COUPLING  -  HUB - 2',,0,,?
00555,GEAR CHAIN COUPLING  -  HUB - 2-1/4',,0,,?
00556,GEAR CHAIN DIAMOND  -  S-100,42,0,,?
00557,GENERATOR SET - JOHN DEERE,19403,0,,?
00558,GENERATOR SET,,0,,?
00559,GLOVE - ANSELL (BOX),12,0,1,HERITAGE WHOLESALE
00560,GLOVE - COATED (YELLOW) PAIR,3,0,1,HERITAGE WHOLESALE
00561,GLOVE - CRAB (PACK),22,0,1,HERITAGE WHOLESALE
00562,GLOVE - GREEN (PAIR),6,0,1,HERITAGE WHOLESALE
00563,GLOVE - OYSTER (PACK),45,0,1,HERITAGE WHOLESALE
00564,GLOVE - OYSTER PAIR,7,0,1,HERITAGE WHOLESALE
00565,GLOVE - WELDING (PAIR),16,0,1,HERITAGE WHOLESALE
00566,GLOVE FREEZER - PAIR,7,0,1,HERITAGE WHOLESALE
00567,GLOVE RUBBER DOTTED - PAIR,1.5,0,1,HERITAGE WHOLESALE
00568,GLOVE YELLOW - DOZEN,32,0,1,HERITAGE WHOLESALE
00569,GLOVE YELLOW - PAIR,3,0,1,HERITAGE WHOLESALE
00570,GLOVES - NITRILE LATEX (BOX),10,0,1,HERITAGE WHOLESALE
00571,GLOVES - WHITE,1.5,0,1,HERITAGE WHOLESALE
00572,GOJO - GALLON,23,0,,SAM'S CLUB
00573,GREASE FITTING,1,0,,?
00574,GREASE HOSE ASSEMBLY,37,0,,?
00575,GREEN NET SACKS,170,0,,MANUFACTURE
00576,GRINDING DISK - 4',3,0,,WHOLESALE
00577,GRINDING DISK - 4.5' 024,3.5,0,,WHOLESALE
00578,GRINDING WHEEL - 4.1/2',3.5,0,,WHOLESALE
00579,GRINDING WHEEL - 7',0,0,,WHOLESALE
00580,GRINDING WHEEL W/NUT - 7',0,0,,WHOLESALE
00581,GUNK DEGREASER,5,0,,?
00582,HAMMER - LONG NAIL,15,0,,WHOLESALE
00583,HAMMER,10,0,,WHOLESALE
00584,HAND CHOP SAW  -  (FULL) 12',5,0,,WHOLESALE
00585,HAND CHOP SAW  -  BLADE 12',2,0,,WHOLESALE
00586,HAND CHOP SAW  -  HANDLE 12',3,0,,WHOLESALE
00587,HAND PUMP - CAT,115,0,,?
00588,HANGING CABLE - 1/2',0.85,0,,SSC
00589,HANGING CABLE - 3/8',0.7,0,,SSC
00590,HANGING CABLE 7/16',0.75,0,,SSC
00591,HANGING CABLE 9/16' (UNDER 100 FT),1.25,0,,SSC
00592,HANGING CABLE 9/16',1.1,0,,SSC
00593,HEX KEY SET - 1/16-1/4' 8PC,3,0,,WHOLESALE
00594,HITACHI GRINDER 4.1/2',65,0,,?
00595,HOOK - DEXTER,12,0,,HERITAGE WHOLESALE
00596,HOOK - SHRIMP (CHINA),7,0,,?
00597,HOOK - SHRIMP (USA),15,0,,HERITAGE WHOLESALE
00598,HOOK GALVANIZED 1',26,0,,SSC
00599,HOOK GALVANIZED 1.1/4',45,0,,SSC
00600,HOOK GALVANIZED 1.3/8',64,0,,SSC
00601,HOOK GALVANIZED 1/2',8,0,,SSC
00602,HOOK GALVANIZED 3/4',14,0,,SSC
00603,HOOK S/S - 1',34,0,,SSC
00604,HOOK S/S - 1.1/4',58,0,,SSC
00605,HOOK S/S - 1/2',10,0,,SSC
00606,HOOK S/S - 3/4',18,0,,SSC
00607,HOSE 3/4' - HYDRAULIC BLUE (FT),15,0,,?
00608,HOSE CLAMP - 3-1/2',3.5,0,,?
00609,HOSE CLAMP - 4',4,0,,?
00610,HOSE CLAMP - 4-1/2',4.5,0,,?
00611,HOSE RED - 1-1/2' (FT),5.5,0,,?
00612,HOSE RED - 1-1/4' (FT),5.5,0,,?
00613,HYDROSTATIC RELEASE UNIT - RAFT,151.96,0,,?
00614,HYDROSTATIC RELEASE UNIT,112.17,0,,?
00615,KEYWAY 1/4',12,0,,?
00616,KEYWAY 7/16',15,0,,?
00617,KNIFE - PARING WHITE,3,0,,HERITAGE WHOLESALE
00618,KNIFE - UTILITY 6',6,0,,HERITAGE WHOLESALE
00619,KNIFE SHARPENER,10,0,,HERITAGE WHOLESALE
00620,KNIFE VICTORINOX,7,0,,HERITAGE WHOLESALE
00621,LABOR - NET (HUNG),225,0,,MANUFACTURE
00622,LABOR - NET,185,0,,MANUFACTURE
00623,LABOR - NETS,,0,,MANUFACTURE
00624,LABOR - PLASMA CUT,100,0,,MANUFACTURE
00625,LABOR - SPLICE,15,0,,MANUFACTURE
00626,LIFE VEST,55,0,,DONOVAN
00627,LIGHT BASE - 220V,5,0,,?
00628,LIGHT BULB - 1000W,49,0,,?
00629,LIGHT BULB - 12V 50W,4,0,,?
00630,LIGHT BULB - 25W -  120V,4.5,0,,?
00631,LIGHT BULB - 400W,26,0,,?
00632,LIGHT BULB - CFL 40W 4',8,0,,?
00633,LIGHT BULB - CFL 60W,3,0,,?
00634,LIGHT BULB - LED 60W,6,0,,?
00635,LIGHT BULB - NAVIGATION,4.5,0,,IMPORT
00636,LIGHT COVER - RED -  WHITE -  GREEN,36,0,,IMPORT
00637,LIGHT MARKER,13.5,0,,COMMODORE
00638,LIGHT SOCKET - BLACK,35,0,,?
00639,LINE VALVE - 214 6ST,105,0,,?
00640,LINE VALVE - 216-10ST 5/8',55,0,,?
00641,LIQUID FILTER 415,64,0,,JOHNSTONE
00642,LOCK PIN,12,0,,?
00643,LOCK WASHER - 02007240,6,0,,?
00644,LOCK,7,0,,WHOLESALE
00645,LOUD HAILER - 30W (VLH-3000),35,0,,?
00646,LUBRICANT SPRAY,7.5,0,,?
00647,MALLET RUBBER,3,0,,WHOLESALE
00648,MARINE LIGHT - BASE,85,0,,IMPORT
00649,MARINE LIGHT - BIG GREEN,175,0,,IMPORT
00650,MARINE LIGHT - BIG RED,175,0,,IMPORT
00651,MARINE LIGHT - BIG SMOKE,175,0,,IMPORT
00652,MARINE LIGHT - BIG WHITE,175,0,,IMPORT
00653,MARINE LIGHT - FRAME,55,0,,IMPORT
00654,MARINE LIGHT - SMALL GREEN,135,0,,IMPORT
00655,MARINE LIGHT - SMALL RED,135,0,,IMPORT
00656,MARINE LIGHT - SMALL WHITE,135,0,,IMPORT
00657,MASTERDRIVE - SF 2-7/16',75,0,,MOTION
00658,MASTERDRIVE IB110SDS,74,0,,MOTION
00659,MASTERDRIVE IB34SH,37,0,,MOTION
00660,MASTERDRIVE SH 1-1/8,27,0,,MOTION
00661,MEASURING TAPE - 33',14.5,0,,WHOLESALE
00662,METAL:ANGLE  -  304L 2 X 2 X 1/4 (FT),14.66,0,,REGIONAL STEEL
00663,METAL:ANGLE  -  S/S: 1-1/2' X 1-1/2' X 1/4' (20 FT),,0,,REGIONAL STEEL
00664,METAL:ANGLE  -  S/S: 1-1/2' X 1-1/2' X 1/4' (PER FT),12,0,,REGIONAL STEEL
00665,METAL:ANGLE  -  S/S: 1-1/2' X 1-1/2' X 1/8' (20 FT),,0,,REGIONAL STEEL
00666,METAL:ANGLE  -  S/S: 1-1/2' X 1-1/2' X 1/8' (PER FT),8,0,,REGIONAL STEEL
00667,METAL:ANGLE  -  S/S: 2' X 2' X 1/4' (20FT),175,0,,REGIONAL STEEL
00668,METAL:ANGLE  -  S/S: 2' X 2' X 1/4' (PER FT),8,0,,REGIONAL STEEL
00669,METAL:ANGLE  -  S/S: 3' X 3' X 1/4' (20FT),240,0,,REGIONAL STEEL
00670,METAL:ANGLE  -  S/S: 3' X 3' X 1/4' (PER FT),,0,,REGIONAL STEEL
00671,MISC SUPPLIES,0,0,,?
00672,MOTOR - 10HP,850,0,,WOFFORD
00673,MOTOR - 2HP 1800 215TC,245,0,,WOFFORD
00674,MOTOR - 3HP 1800 182T TEF,320,0,,WOFFORD
00675,MOTOR - 3HP 3600 145TC,750,0,,WOFFORD
00676,MOTOR - 3HP 3600 56C,,0,,WOFFORD
00677,MOTOR - 5HP 1800RPM,0,0,,WOFFORD
00678,MOTOR - 7.5HP,750,0,,WOFFORD
00679,MOTOR 3HP USA SWITCH 'FAN',460,0,,WOFFORD
00680,MURPHY WATER TEMP - 20T-250-50-1/2,75,0,,JOHNSTONE
00681,NAVIGATION ALL-ROUND LIGHT,135,0,,IMPORT
00682,NEEDLE - LONG,1,0,,IMPORT
00683,NEEDLE - MEDIUM,1,0,,IMPORT
00684,NEOPRENE RUBBER STRIP,300,0,,?
00685,NET DIP - 50FT,175,0,,MANUFACTURE
00686,NET DIP - CORNER,18.5,0,,MANUFACTURE
00687,NET DIP - COVER,13,0,,MANUFACTURE
00688,NET DIP - DRUM,544.5,0,,MANUFACTURE
00689,NET DIP - FT,3.5,0,,MANUFACTURE
00690,NET DIP - GAL,17,0,,MANUFACTURE
00691,NET DIP - SACK,50,0,,MANUFACTURE
00692,NET DIP - TED,55,0,,MANUFACTURE
00693,NET DIP - WHOLE,125,0,,MANUFACTURE
00694,NET DIP W/ STEEL PAIL - 5 GAL,90,0,,MANUFACTURE
00695,NET DIP W/ STEEL PAIL - GAL,20,0,,MANUFACTURE
00696,NEW NET - 32' PLASTIC,750,0,,MANUFACTURE
00697,NEW NET - 55',0,0,,MANUFACTURE
00698,NEW NET - 56',0,0,,MANUFACTURE
00699,NEW NET - 60' PLASTIC,,0,,MANUFACTURE
00700,NEW NET - 60',0,0,,MANUFACTURE
00701,NEW NET - 65',0,0,,MANUFACTURE
00702,NEW NET - DOUBLE BRAIDED 55',1050,0,,MANUFACTURE
00703,NEW NET - DOUBLE BRAIDED 56',1100,0,,MANUFACTURE
00704,NU-CALGON RL-32-3MAF,105,0,,?
00705,NUT - B1509B,22,0,,?
00706,NUT S/S - 1',4.5,0,,?
00707,NYLON 1.1/2' (REEL),1650,0,,?
00708,O RING - A2916HH,50,0,,?
00709,O RING - A2916LF,11,0,,?
00710,OIL COMPRESSOR - R-22,36.8,0,,?
00711,OIL COMPRESSOR - R-404,105,0,,?
00712,OIL PAD BUNDLE,37,0,,?
00713,OIL PRESSURE CONTROL,175,0,,?
00714,OPERATING SHAFT 1144E,42,0,,?
00715,ORIFICE - #1 ,11,0,,?
00716,ORIFICE - #2,11,0,,?
00717,ORIFICE - #3,11,0,,?
00718,OVERSACK - BALE,500,0,,MANUFACTURE
00719,OVERSACK,110,0,,MANUFACTURE
00720,PACK OF CABLE TIE,5,0,,WHOLESALE
00721,PACKING ROPE - 1/2',105,0,,?
00722,PACKING ROPE - 3/4',105,0,,?
00723,PACKING ROPE - 5/16',105,0,,?
00724,PACKING ROPE - 5/8',105,0,,?
00725,PACKING ROPE - 7/8',105,0,,?
00726,PAINT - BLACK 72-AW,75,0,,BLP
00727,PAINT - BOTTOM,95,0,,BLP
00728,PAINT - DECK OFF WHITE 41-BW-1 (2 GAL),150,0,,BLP
00729,PAINT - GRAY 513,55,0,,BLP
00730,PAINT - RED 513,55,0,,BLP
00731,PAINT - WHITE 513,55,0,,BLP
00732,PAINT - WHITE 72-AW,75,0,,BLP
00733,PAINT - ZINC 40-CM,80,0,,BLP
00734,PAINT BRUSH - 2',2,0,,BLP
00735,PAINT BRUSH - 3',2.5,0,,BLP
00736,PAINT BRUSH - 4',3,0,,BLP
00737,PAINT ROLLER FOAM 4',1,0,,BLP
00738,PAINT ROLLER FOAM 9',2.5,0,,BLP
00739,PAINT ROLLER FRAME,1.5,0,,BLP
00740,PAINT TRAY & ROLLER,8,0,,WHOLESALE
00741,PAINT TRAY,5,0,,WHOLESALE
00742,PELICAN HOOK GALV - 1/2',21,0,,?
00743,PIPE - 304L 1 1/4 SCH 40,13.78,0,,?
00744,PIPE - 6'  STD 304/L WLD,0,0,,?
00745,PIPE 3/4' S80 304/L,,0,,?
00746,PIPE ELBOW - 5/8,6,0,,?
00747,PIPE ELBOW - 8',55,0,,?
00748,PIPE FLEXIBLE - 2 1/2',89,0,,?
00749,PIPE FLEXIBLE - 3',75,0,,?
00750,PIPE GALV - 1/2',,0,,?
00751,PIPE GALV - 2' (FT),5,0,,?
00752,PIPE S/S - 1' S80 304/L,,0,,?
00753,PIPE S/S - 1' SCH10,7,0,,?
00754,PIPE S/S - 1-1/2' (WHOLE BY FT),10,0,,?
00755,PIPE S/S - 1-1/4' (FT),20,0,,?
00756,PIPE S/S - 1/2',5,0,,?
00757,PIPE S/S - 2',15,0,,?
00758,PIPE S/S - 3/4' (WHOLE),140,0,,?
00759,PIPE S/S - 3/4' SCH40 (FT),8,0,,?
00760,PIPE S/S - 3/4',8,0,,?
00761,PIPE S/S - 4',35,0,,?
00762,PIPE S/S - 5' SCH10 (FT),55,0,,?
00763,PIPE S/S - 5'X20' SCH10,1000,0,,?
00764,PIPE S/S - 6' SCH80,66.66,0,,?
00765,PIPE S/S - 6'x20' SCH40,1000,0,,?
00766,PIPE S/S - 6'x21' SCH80,1400,0,,?
00767,PIPE S/S - 8' SCH40 (FT),32,0,,?
00768,PIVOT 30 SERIES,11,0,,?
00769,PIVOT 40 SERIES,12,0,,?
00770,PLASTI TERMERCOAL,5,0,,?
00771,PLASTIC FLOAT 8',14,0,,IMPORT
00772,PLASTIC PAIL BUCKET,5,0,,IMPORT
00773,PLATE - S/S 1/2X6,10,0,,REGIONAL STEEL
00774,PLATE 1/4 - 4 X 12,8.7,0,,REGIONAL STEEL
00775,PLATE S/S - 12'X2'X1/4',100,0,,REGIONAL STEEL
00776,PLATE S/S - 5X10X1/4,1150,0,,REGIONAL STEEL
00777,PLIER - 10',13,0,,WHOLESALE
00778,PLIER - 6',7,0,,WHOLESALE
00779,PLIER - 8' SLIP JOINT,11,0,,WHOLESALE
00780,PLIER - LOCKING,15,0,,WHOLESALE
00781,PLIER,15,0,,WHOLESALE
00782,POWER SUPPLY - ASTRON RS70A,420,0,,AMAZON
00783,PTO - 3507,75,0,,?
00784,PTO - ALUMINUM,28,0,,?
00785,PTO - CABLE 30',420,0,,?
00786,PTO - CLAMP,289,0,,?
00787,PTO - CLUTCH SP211C001 (NO BEARING),550,0,,?
00788,PTO - CLUTCH SP211C001,780,0,,?
00789,PTO - DRIVE RING,235,0,,?
00790,PTO - HOSE,42,0,,?
00791,PTO - LEVER,37,0,,?
00792,PTO - LOCK,7,0,,?
00793,PTO - PLATE,78,0,,?
00794,PTO - WASHER,21,0,,?
00795,PTO NUT - 2-1/2',27,0,,?
00796,PULLEY 1.3/4',37,0,,?
00797,PULLEY 12' 1B110SDS,42,0,,?
00798,PULLEY 3',32,0,,?
00799,PUMP - 1/3HP ZOELLER WITH FLOAT SWITCH,,0,,?
00800,PUMP - 1/3HP ZOELLER,,0,,?
00801,PUMP - 3/4HP FRESH H20,250,0,,?
00802,PUMP - SUBMERSIBLE,185,0,,?
00803,PUMP WASHER S/S -5',65,0,,?
00804,PUSH STICK - WOODEN,25,0,,IMPORT
00805,PVC  -  90 DEGREE ELL - 5/8',6.5,0,,?
00806,QUICKLINK S/S - 7/16',9,0,,SAMCO
00807,QUICKLINK S/S - 9/16',14,0,,SAMCO
00808,RAG - BOX,15,0,,?
00809,RD BAR - 7/8'  304/L,0,0,,?
00810,REFLECTIVE TAPE (BY FT),2.51,0,,?
00811,REFRIGERANT BALL VALVE - 3/8',46,0,,JOHNSTONE
00812,REFRIGERANT BALL VALVE - 5/8',56,0,,JOHNSTONE
00813,REFRIGERANT HOSE - 24',42,0,,JOHNSTONE
00814,REFRIGERANT HOSE - 36',48,0,,JOHNSTONE
00815,REFRIGERANT HOSE - 48',56,0,,JOHNSTONE
00816,REFRIGERATION OIL - 200TD,60,0,,JOHNSTONE
00817,REFRIGERATION OIL - 404,135,0,,JOHNSTONE
00818,REINFORCED BLUE HOSE - 7',150,0,,?
00819,REINFORCED BLUE HOSE - 8',160,0,,?
00820,RESPIRATOR,9,0,,WHOLESALE
00821,REVOLVING LIGHT - RED,28,0,,WHOLESALE
00822,RING - GALV 1/2',3.5,0,,SAMCO
00823,RING - GALV 1/4',2,0,,SAMCO
00824,RING - GALV 5/8X5',4.5,0,,SAMCO
00825,RING - S/S 1/2',12,0,,SAMCO
00826,RING - S/S 1/4',2,0,,SAMCO
00827,RING - S/S 5/8 X 4,17,0,,SAMCO
00828,RING - S/S 5/8 X 5,18,0,,SAMCO
00829,RING BUOY 24',85,0,,DONOVAN
00830,RING BUOY 30',89,0,,DONOVAN
00831,RIVET,0.5,0,,?
00832,ROD S/S - 1',12,0,,REGIONAL STEEL
00833,ROD S/S - 12'X1/2',55,0,,REGIONAL STEEL
00834,ROD S/S - 12'X5/8',85,0,,REGIONAL STEEL
00835,ROD S/S - 3/4',10,0,,REGIONAL STEEL
00836,ROD S/S - 3/8',6,0,,REGIONAL STEEL
00837,ROLLER - B94SDS,74,0,,?
00838,ROLLER CHAIN DOUBLE #100 IMPORT (FT),25,0,,MOTION
00839,ROLLER CHAIN DOUBLE #100 USA (FT),450,0,,MOTION
00840,ROLLER CHAIN DOUBLE #60 IMPORT (FT),36,0,,MOTION
00841,ROLLER CHAIN DOUBLE #60 USA (FT),26,0,,MOTION
00842,ROLLER CHAIN SINGLE #100 COT USA (FT),,0,,MOTION
00843,ROLLER CHAIN SINGLE #100 RIV USA (FT),,0,,MOTION
00844,ROLLER PULLEY - 1B34SH,34,0,,?
00845,ROLLER PUMP - 2.1/2',170,0,,?
00846,ROPE - 3/8' SOLID BRAIDED TYLINE TEXTURED (REEL),78,0,,TYTAN
00847,ROPE - 3/8' TYLINE TEXTURED #12,140,0,,TYTAN
00848,ROPE - BRAIDED ROPE #4,38,0,,TYTAN
00849,ROPE - BRAIDED ROPE #5,48,0,,TYTAN
00850,ROPE - BRAIDED ROPE #6 - 1/2',68,0,,TYTAN
00851,ROPE - DANLINE 5/16' (REEL),54,0,,TYTAN
00852,ROPE - DB BD #5,68,0,,TYTAN
00853,ROPE - DB BD #8 1/4' (REEL),86,0,,TYTAN
00854,ROPE - DB BD - 3/8',75,0,,TYTAN
00855,ROPE - DB BD 1/2' #16 (250'),,0,,TYTAN
00856,ROPE - DB BD 1/2' #16,1,0,,TYTAN
00857,ROPE - DB BD 5/16',55,0,,TYTAN
00858,ROPE - DB BD 5/32' (1000'),68,0,,TYTAN
00859,ROPE - SUPERDAC 1-1/8' (REEL),,0,,TYTAN
00860,ROPE - TYLINE DB BD 1/2' (REEL),175,0,,TYTAN
00861,ROPE - TYLINE DB BD 1/2' FT,1,0,,TYTAN
00862,ROPE - TYLINE DB BD 3/16' (REEL,68,0,,TYTAN
00863,ROPE BLUE TRACER COMBO - 1/2' (REEL),88,0,,TYTAN
00864,ROPE BLUE TRACER COMBO - 3/8' (REEL),54,0,,TYTAN
00865,ROPE BLUE TRACER COMBO - 7/16' (REEL),67,0,,TYTAN
00866,ROPE NYLON - 1.1/2' (REEL),1100,0,,TYTAN
00867,ROPE NYLON - 1.1/4' (REEL),900,0,,TYTAN
00868,ROPE NYLON - 1.3/4' (REEL),1450,0,,TYTAN
00869,ROPE NYLON - 1.5/8' (REEL),1260,0,,TYTAN
00870,ROPE NYLON - 2' (REEL),1700,0,,TYTAN
00871,ROPE NYLON - 2-1/4' (REEL),2120,0,,TYTAN
00872,ROPE POLYDAC - 1' (REEL),375,0,,TYTAN
00873,ROPE POLYDAC - 1',1,0,,TYTAN
00874,ROPE POLYDAC - 1.1/2' (REEL),650,0,,TYTAN
00875,ROPE POLYDAC - 1.1/2',1.5,0,,TYTAN
00876,ROPE POLYDAC - 1.1/4' (REEL),580,0,,TYTAN
00877,ROPE POLYDAC - 1.1/4',1.2,0,,TYTAN
00878,ROPE POLYDAC - 1.1/8' (REEL),460,0,,TYTAN
00879,ROPE POLYDAC - 1.1/8',1.2,0,,TYTAN
00880,ROPE POLYDAC - 1.5/8' (REEL),765,0,,TYTAN
00881,ROPE POLYDAC - 1.5/8',1.5,0,,TYTAN
00882,ROPE POLYDAC - 1/2' (REEL),125,0,,TYTAN
00883,ROPE POLYDAC - 1/2',0.3,0,,TYTAN
00884,ROPE POLYDAC - 1/4' (REEL),45,0,,TYTAN
00885,ROPE POLYDAC - 1/4',0.1,0,,TYTAN
00886,ROPE POLYDAC - 3/4' (REEL),275,0,,TYTAN
00887,ROPE POLYDAC - 3/4',0.7,0,,TYTAN
00888,ROPE POLYDAC - 3/8' (REEL),79,0,,TYTAN
00889,ROPE POLYDAC - 3/8',0.2,0,,TYTAN
00890,ROPE POLYDAC - 5/16' (REEL),54,0,,TYTAN
00891,ROPE POLYDAC - 5/16',0.15,0,,TYTAN
00892,ROPE POLYDAC - 5/8' (REEL),188,0,,TYTAN
00893,ROPE POLYDAC - 5/8',0.45,0,,TYTAN
00894,ROPE POLYDAC - 7/16' (REEL),103,0,,TYTAN
00895,ROPE POLYDAC - 7/16',0.25,0,,TYTAN
00896,ROPE POLYDAC - 7/8' (REEL),299,0,,TYTAN
00897,ROPE POLYDAC - 7/8',0.9,0,,TYTAN
00898,ROPE POLYPRO - 1' (REEL),225,0,,TYTAN
00899,ROPE POLYPRO - 1',0.65,0,,TYTAN
00900,ROPE POLYPRO - 1-1/8',0.7,0,,TYTAN
00901,ROPE POLYPRO - 1.1/8' (REEL),225,0,,TYTAN
00902,ROPE POLYPRO - 1/2' (REEL),59,0,,TYTAN
00903,ROPE POLYPRO - 1/2',0.25,0,,TYTAN
00904,ROPE POLYPRO - 2' (REEL),650,0,,TYTAN
00905,ROPE POLYPRO - 3/4' (REEL),127,0,,TYTAN
00906,ROPE POLYPRO - 3/4',0.4,0,,TYTAN
00907,ROPE POLYPRO - 3/8' (REEL),45,0,,TYTAN
00908,ROPE POLYPRO - 3/8',0.11,0,,TYTAN
00909,ROPE POLYPRO - 5/16' (REEL),25,0,,TYTAN
00910,ROPE POLYPRO - 5/8' (REEL),89,0,,TYTAN
00911,ROPE POLYPRO - 5/8',0.3,0,,TYTAN
00912,ROPE POLYPRO - 7/16' (REEL),49,0,,TYTAN
00913,ROPE POLYPRO - 7/8' (REEL),175,0,,TYTAN
00914,ROPE POLYPRO - 7/8',0.5,0,,TYTAN
00915,ROPE POLYPRO 1-1/4' (REEL),265,0,,TYTAN
00916,ROPE POLYPRO YELLOW/BLUE - 1',0,0,,TYTAN
00917,ROPE SUPER POLYPRO - 1',0,0,,TYTAN
00918,RUBBER BOOTS,30,0,1,HERITAGE
00919,RULE PUMP - 2000,120,0,,?
00920,SAPPHIRE WEBBING #48 1.3/4',8,0,,TYTAN
00921,SAW BLADE - 7.1/4',0,0,,WHOLESALE
00922,SAW BLADE DEWAULT - 7.1/4',0,0,,WHOLESALE
00923,SAW BLADE STEEL - 14',8,0,,WHOLESALE
00924,SCALE - COMPUTING 60LBS,189,0,,?
00925,SCREW BAR - S/S 1/2X3,48,0,,?
00926,SCREW LONG - 3/8X6',1,0,,?
00927,SCREWDRIVER 2PC,10,0,,WHOLESALE
00928,SCREWDRIVER 7PC,12.5,0,,WHOLESALE
00929,SCREWDRIVER BAR SET 3PC,21,0,,WHOLESALE
00930,SEAL - MA440,190,0,,?
00931,SEAL CAP WITH CORE REMOVER,3,0,,?
00932,SEAL PUMP - 17028,45,0,,?
00933,SEAL PUMP - 18025,45,0,,?
00934,Services,,0,,MANUFACTURE
00935,SH1.1/8 BUSHING,27,0,,IMPORT
00936,SHACKLE COMM - 1/2',1.5,0,,SAMCO
00937,SHACKLE COMM - 1/4',0.55,0,,SAMCO
00938,SHACKLE COMM - 3/16',0.5,0,,SAMCO
00939,SHACKLE COMM - 3/4',4,0,,SAMCO
00940,SHACKLE COMM - 3/8',0.75,0,,SAMCO
00941,SHACKLE COMM - 5/16',0.6,0,,SAMCO
00942,SHACKLE COMM - 5/8',2.5,0,,SAMCO
00943,SHACKLE COMM - 7/16',1.2,0,,SAMCO
00944,SHACKLE COMM - 7/8',6,0,,SAMCO
00945,SHACKLE L/R - 1-3/4',65,0,,SAMCO
00946,SHACKLE L/R - 1.1/2',45,0,,SAMCO
00947,SHACKLE L/R - 1.1/8',28,0,,SAMCO
00948,SHAFT S/S - 2.1/2' (FT),3.5,0,,?
00949,SHARPENING STONE,3.5,0,,WHOLESALE
00950,SHARPIE,2,0,,WHOLESALE
00951,SHEET 304/L - 1/8 X 48 X 120,0,0,,REGIONAL STEEL
00952,SHRIMP HOOK,12,0,,IMPORT
00953,SHRIMP SACK,0.32,0,,IMPORT
00954,SIGN CAUTION,10,0,,?
00955,SILICONE 5200,25,0,,?
00956,SILICONE HOSE BLUE/RED 3',90,0,,?
00957,SILICONE HOSE BLUE/RED 3.5',100,0,,?
00958,SILICONE HOSE BLUE/RED 4',110,0,,?
00959,SILICONE HOSE BLUE/RED 4.5',120,0,,?
00960,SILICONE HOSE BLUE/RED 5',130,0,,?
00961,SILICONE HOSE BLUE/RED 5.5',140,0,,?
00962,SILICONE HOSE BLUE/RED 6',160,0,,?
00963,SL SLV ASSY,205,0,,?
00964,SLICKER BIB PANT - HEAVY DUTY,75,0,1,HERITAGE
00965,SLICKER BIB PANT - LIGHTWEIGHT, - ,0,1,HERITAGE
00966,SLICKER COAT JACKET - HEAVY DUTY,75,0,1,HERITAGE
00967,SLICKER COAT JACKET - LIGHTWEIGHT,35,0,1,HERITAGE
00968,SNAP HOOK GALVANIZED 1.1/4',58,0,,SAMCO
00969,SNAP HOOK S/S - 7/16',9,0,,SAMCO
00970,SOCKET HANDLE RATCHET - 3/8',13,0,,WHOLESALE
00971,SOCKET SET - 1/2',16,0,,WHOLESALE
00972,SOCKET SET - 3/8',15,0,,WHOLESALE
00973,SOLENOID COIL KIT,37,0,,?
00974,SOLENOID VALVE 5/8',165,0,,?
00975,SOLID BRAIDED ROPE 3/8',75,0,,?
00976,SPLIT LEADS 2OZ 3/8',4.5,0,,?
00977,SPRAYER 2 GAL,20,0,,WHOLESALE
00978,SPROCKET MARTIN - 2-1/4',145,0,,MOTION
00979,SPROCKET TEETH 15-SFX2-7/16',190,0,,MOTION
00980,SPROCKET TEETH 2.1/4X18,125,0,,MOTION
00981,SPROCKET TEETH 45,398,0,,MOTION
00982,SPROCKET TEETH X 15 #100,150,0,,MOTION
00988,STABILIZER,750,0,,IMPORT
00989,STANDARD GREASE GUN,23,0,,WHOLESALE
00990,STARTER MAGNETIC SIZE 2,0,0,,?
00991,STEEL - 1/2 X 6 (FT),10,0,,REGIONAL STEEL
00992,STEEL - 1/8' X 6 X 12,12,0,,REGIONAL STEEL
00993,STEEL - 1X6,20,0,,REGIONAL STEEL
00994,STEEL - 1X8,20,0,,REGIONAL STEEL
00995,STEEL HOSE CLAMP - 26-76MM,2.5,0,,?
00996,STEEL HOSE CLAMP - 76-127MM,3,0,,?
00997,STEEL HOSE CLAMP - 78-101MM,2.75,0,,?
00998,STEEL S/S - 1-1/2 X 1/4,10,0,,REGIONAL STEEL
00999,STEEL WASHER - 1/4' (LARGE),10,0,,IMPORT
01000,STEEL WASHER - 1/4' (SMALL),12,0,,IMPORT
01001,STRAIGHT FITTING 3/4' - HYDRAULIC,20,0,,?
01002,SUPPLY CABLE S/S,15,0,,?
01003,SWIVEL GALV 1/2',8,0,,SAMCO
01004,SWIVEL GALV 5/16',2.5,0,,SAMCO
01005,SWIVEL GALV 7/16',5.5,0,,SAMCO
01006,SWIVEL S/S -  3/4',32,0,,SAMCO
01007,SWIVEL S/S - 5/16',7,0,,SAMCO
01008,SWIVEL S/S - 7/8',48,0,,SAMCO
01009,T VALVE,210,0,,JOHNSTONE
01010,TBWOOD - 85158,80,0,,MOTION
01011,TBWOOD - 8542MM,80,0,,MOTION
01012,TBWOOD - 8J,60,0,,MOTION
01013,TEAR DROP ZINC,23,0,,?
01014,TED & BRAIDED WEBBING W/ RING,375,0,,MANUFACTURE
01015,TED & BRAIDED WEBBING,350,0,,MANUFACTURE
01016,TED + NYLON WEBBING,350,0,,MANUFACTURE
01017,TED - ALUMINUM,165,0,,IMPORT
01018,TELEFLEX CH5200P,250,0,,DONOVAN
01019,TEMPERATURE CONTROL A19.ABC-2MC,165,0,,JOHNSTONE
01020,TEMPERATURE GAUGE,145,0,,JOHNSTONE
01021,THERMOSTATIC EXPANSION VALVE - SPORLAN,105,0,,JOHNSTONE
01022,THIMBLE GALV - 1-1/4',6.5,0,,SAMCO
01023,THIMBLE GALV - 1/2',1.3,0,,SAMCO
01024,THIMBLE GALV - 7/8',7,0,,SAMCO
01025,THIMBLE GALV - 9/16',1.5,0,,SAMCO
01026,THIMBLE S/S - 9/16',8,0,,SAMCO
01027,TOILET,250,0,,?
01028,TRAWL DOOR EARS S/S,35,0,,?
01029,TRIANGLE RULER STEEL,15,0,,WHOLESALE
01030,TROUBLE LIGHT 25',15,0,,?
01031,TRYNET DOOR 16X30,205,0,,IMPORT
01032,TRYNET DOOR 18X36,235,0,,IMPORT
01033,TRYNET DOOR PLASTIC 17x30,400,0,,IMPORT
01034,TRYNET DOOR PLASTIC 18x33,450,0,,IMPORT
01035,TRYNET DOOR STEEL,80,0,,IMPORT
01036,TRYNET SPRING,69,0,,?
01037,TRYNET,165,0,,IMPORT
01038,TS2 R404A,,0,,?
01039,TURBO BACKING PADS,7,0,,?
01040,TURNBUCKLE -  E&E 1'x6',0,0,,SAMCO
01041,TURNBUCKLE -  J&J 1'x6',45,0,,SAMCO
01042,TURNBUCKLE -  J&J 1.1/4'x12',0,0,,SAMCO
01043,TURNBUCKLE GALV JAW 1.1/4X12',65,0,,SAMCO
01044,TURNBUCKLE GALV JAW 1/2X6',12,0,,SAMCO
01045,TURNBUCKLE GALV JAW 1X12',50,0,,SAMCO
01046,TURNBUCKLE GALV JAW 3/4X12',23,0,,SAMCO
01047,TURNBUCKLE GALV JAW 5/8X6',15,0,,SAMCO
01048,TURNBUCKLE GALV JAW 7/8X12',45,0,,SAMCO
01049,TURNBUCKLE S/S JAW 3/4X6',30,0,,SAMCO
01050,TURNBUCKLE S/S JAW 5/8X6',25,0,,SAMCO
01051,TV ANTENNA,210,0,,?
01052,VALVE CORES B10-740,1,0,,?
01053,VALVE R22,,0,,?
01054,VOLTAGE REGULATOR SX-460,85,0,,AMAZON
01055,WASHER - 1-3/4',12,0,,IMPORT
01056,WASHER - 1/4 X 2-1/4,28,0,,IMPORT
01057,WASHER - 1/8 X 2-1/4,,0,,IMPORT
01058,WATER HOSE 2-PLY 50',12,0,,WHOLESALE
01059,WATER HOSE 2-PLY 60',15,0,,WHOLESALE
01060,WATER HOSE NOZZLE,5,0,,WHOLESALE
01061,WD-40,8,0,,?
01062,WEBBING - #15 BRAIDED (INDIA),10,0,,TYTAN
01063,WEBBING - #36 1-5/8X120MD,0,0,,TYTAN
01064,WEBBING - #48 X 1-7/8',8,0,,TYTAN
01065,WEBBING - #48 X 1.3/4',0,0,,TYTAN
01066,WEBBING - BRAIDED,7.5,0,,TYTAN
01067,WEBBING - DOUBLE BRAIDED (BALE),650,0,,TYTAN
01068,WEBBING - DOUBLE BRAIDED,8.5,0,,TYTAN
01069,WEBBING - FISH,150,0,,TYTAN
01070,WEBBING - KNOTLESS 2.1/8' (LBS),8,0,,TYTAN
01071,WEBBING - NYLON,,0,,TYTAN
01072,WEBBING - PE,,0,,TYTAN
01073,WEBBING - PLASTIC #21 X 1.1/2',0,0,,TYTAN
01074,WEBBING - PLASTIC #42 X 1.3/4',10,0,,TYTAN
01075,WEBBING - PLASTIC #42 X 1.5/8',0,0,,TYTAN
01076,WEBBING - PLASTIC,8,0,,TYTAN
01077,WEBBING - SAPPHIRE #9 1-1/2',8,0,,TYTAN
01078,WEBBING - SAPPHIRE,8.5,0,,TYTAN
01079,WEBBING - TWISTED,0,0,,TYTAN
01080,WEBBING BRAIDED - #12,8.5,0,,TYTAN
01081,WEBBING BRAIDED - #18X 2-1/8,8.5,0,,TYTAN
01082,WEBBING NYLON - #12 2X200MD,0,0,,TYTAN
01083,WEBBING NYLON - #15 2X200MD,0,0,,TYTAN
01084,WEBBING NYLON - #18 2',5.8,0,,TYTAN
01085,WEBBING NYLON - #18 2-1/8X200MD,0,0,,TYTAN
01086,WEBBING PE BRAIDED - NO. 60,0,0,,TYTAN
01087,WELDING ROD - 308L,9,0,,AIRGAS
01088,WELDING ROD - 309L,10,0,,AIRGAS
01089,WELDING ROD - 316L,12,0,,AIRGAS
01090,WELDING ROD - 6011,3.5,0,,AIRGAS
01091,WELDING ROD - 7018,3.5,0,,AIRGAS
01092,WELDING ROD - 7024,3.5,0,,AIRGAS
01093,WELDING ROD - COPPER,6,0,,AIRGAS
01094,WHISTLE,5,0,,COMMODORE
01095,WHITE TARP HEAVY DUTY - 20X20,450,0,,SSC
01096,WHITE TARP HEAVY DUTY - 23X34,550,0,,SSC
01097,WHITE TARP HEAVY DUTY - 24X24,580,0,,SSC
01098,WINDOW SCREW,0.5,0,,?
01099,WIRE WHEEL BRUSH - 4',11,0,,WHOLESALE
01100,WIRE WHEEL BRUSH - 4.1/2',11,0,,WHOLESALE
01101,WOOD - 4X4X12,21,0,,MCCOY
01102,WRENCH 10',8,0,,WHOLESALE
01103,WRENCH 12',10,0,,WHOLESALE
01104,WRENCH 15',12,0,,WHOLESALE
01105,WRENCH 9/16',2.5,0,,WHOLESALE
01106,WRENCH MECHANICAL COMBINATION SET,24,0,,WHOLESALE
01107,XROPE - DOUBLE BRAIDED 5/16',55,0,,TYTAN
01109,YAESU - FT-2900R/E,275,0,,?
01110,YARDSTICK - ALUMINUM,5,0,,?
01111,YARDSTICK - WOOD,2.5,0,,?
01112,ZINC - ALUMINUM,55,0,,?
01113,ZINC - R4,30,0,,?
01114,ZINC BALL SHAFT - 1',13,0,,?
01115,ZINC BALL SHAFT - 1-1/2',17,0,,?
01116,ZINC BALL SHAFT - 1-1/4',13,0,,?
01117,ZINC BALL SHAFT - 1-1/8',13,0,,?
01118,ZINC BALL SHAFT - 1-3/4',26,0,,?
01119,ZINC BALL SHAFT - 1-3/8',17,0,,?
01120,ZINC BALL SHAFT - 1/2',13,0,,?
01121,ZINC BALL SHAFT - 2',27,0,,?
01122,ZINC BALL SHAFT - 2-1/2',56,0,,?
01123,ZINC BALL SHAFT - 2-1/4',57,0,,?
01124,ZINC BALL SHAFT - 2-3/4',74,0,,?
01125,ZINC BALL SHAFT - 3',67,0,,?
01126,ZINC BALL SHAFT - 3-1/2',86,0,,?
01127,ZINC BALL SHAFT - 3/4',10,0,,?
01128,ZINC BALL SHAFT - 4',90,0,,?
01129,ZINC BALL SHAFT - 7/8',13,0,,?
01130,ZINC BAR - 12LBS,34,0,,?
01131,ZINC BAR - 24LBS,55,0,,?
03001,PAINT - WHITE GLOSS 3001 BLUE WATER,,0,,BLP
03004,PAINT - MARINE BLACK BWC-3004 BLUE WATER,,0,,BLP
03009,PAINT - MEDIUM GRAY 3009,,0,,BLP
03012,PAINT - RED OXIDE 3012,,0,,BLP
03014,PAINT - BRIGHT RED 3014,,0,,BLP
03033,PAINT - DARK GREEN 3033,,0,,BLP
04502,PAINT - BLACK 4502 BLUE WATER,,0,,BLP
07001,PAINT - WHITE PRIMER 7001 BLUE WATER,,0,,BLP
00010,SHACKLE - GREEN HEAVY DUTY 1',0,500,,
10000000000000,FILTER - LAF2534,,0,,CARQUEST
10000000000000,FILTER - LAF3534,,0,,CARQUEST
10000000000000,FILTER - LAF851,,0,,CARQUEST
10228351587,CS+ LUBRICANT,,0,,?
1PAH1199,FILTER - AH1199 - PA2829,44.5,0,,CARQUEST
35162003101,DECK BRUSH - MAROON,6,0,,?
38568610812,FILTER - LFF3521,,0,,CARQUEST
38568610973,FILTER - LFF5823,,0,,CARQUEST
38568611932,FILTER - LFP3191,,0,,CARQUEST
38568612205,FILTER - LFP6007,16,0,,CARQUEST
38568612427,FILTER - LFP911,,0,,CARQUEST
38568613257,FILTER - PH 4403,,0,,CARQUEST
38568613356,FILTER - PH725,,0,,CARQUEST
38568618092,FILTER - LFF3347,10,0,,CARQUEST
38568630803,FILTER - LFP3417,,0,,CARQUEST
38568631855,FILTER - L2021F,,0,,CARQUEST
38568638854,FILTER - LFH8412,,0,,CARQUEST
38568692023,FILTER - L2020FN,13.5,0,,CARQUEST
38568692290,FILTER - LP2017,,0,,CARQUEST
38568699824,FILTER - L4604F,,0,,CARQUEST
38568700933,FILTER - LFF2040N,6,0,,CARQUEST
42237095466,RULE-A-MATIC FLOAT SWITCH,35,0,,?
44799003576,PAINT - RUS-KIL ,,0,,BLP
44799030817,PAINT - BLACK 513-11A,55,0,,BLP
44799031197,PAINT - RED PRIMER 520,,0,,BLP
44799031258,PAINT - BLACK 520-13,,0,,BLP
44799031432,PAINT - SAFETY YELLOW 520,,0,,BLP
44799032149,PAINT - DAWN GRAY 613-82A,,0,,BLP
44799039896,PAINT - WHITE 13-AW-124,,0,,BLP
44799061897,PAINT - GRAY 40-AH-50A,,0,,BLP
44799064478,PAINT - BLACK 40-AX-7A,,0,,BLP
44799067400,PAINT - HAZE GRAY 41-BH-3A,,0,,BLP
44799067622,PAINT - BAR RUST BUFF 41-BK-1A,55,0,,BLP
44799067776,PAINT - WHITE 41-BW-3A,,0,,BLP
44799067813,PAINT - WHITE 41-BW-3A (2 GAL),,0,,BLP
44799067813,PAINT - WHITE TINT BASE 72-AW-3A,,0,,BLP
44799086982,PAINT - PRECAUTION BLUE 72-AG-1A,,0,,BLP
44799090538,PAINT - BLACK 72-AX-1A,,0,,BLP
44799129832,PAINT - WHITE 13-AW-149,,0,,BLP
44799130746,PAINT - DARK BLUE 520,,0,,BLP
44799132061,PAINT - SUPER BLUE 72-AL-27A,85,0,,BLP
44799132917,COLD GALVANIZED SPRAY - RUS-KIL,8,0,,BLP
44799143166,PAINT - GREEN 40-CM-17A,,0,,BLP
44799150386,PAINT - JACK TAR MARINE GUARD 100,,0,,BLP
44871032357,MYSTIK OG-5 (BOX),62.5,0,,?
44871043858,MYSTIK JT-6 GREASE (BOX),38,0,,?
44871532352,MYSTIK OG-5,2.5,0,,?
44871543853,MYSTIK JT-6 GREASE,4,0,,?
51135065006,MARINE SEALANT - 3M ADHESIVE SEALANT 5200,25,0,,WOFFORD
638000000000,FILTER - AF1896  -  PA2554,95,0,,CARQUEST
638000000000,FILTER - AF331 - PA1620S,24,0,,CARQUEST
644000000000,SCALE - KITCHEN 11LBS,25,0,,?
672000000000,JABSCO IMPELLER PROFILE-M,,0,,?
672000000000,JABSCO IMPELLER PROFILE-O,58,0,,?
681000000000,REFRIGERATION OIL - C-3S,37,0,,JOHNSTONE
7320000000000,FLARE - BOUYANT SMOKE SIGNAL ORANGE,59,0,,DONOVAN
7320000000000,FLARE - HAND,21,0,,DONOVAN
748000000000,OIL SEPARATOR,289,0,,?
7610000000000,KNIFE - VICTORINOX JAGGED,8,0,,HERITAGE WHOLESALE
78254051031,ELECTRONIC DUST CLEANER,,0,,?
788000000000,PAINT - RED BOTTOM MARPRO SUPERKOTE,95,0,,BLP
791000000000,FILTER - B178,,0,,CARQUEST
791000000000,FILTER - B7089,,0,,CARQUEST
791000000000,FILTER - B7125 - LF3703,13.5,0,,CARQUEST
791000000000,FILTER - B7144 - LF3642,,0,,CARQUEST
791000000000,FILTER - B7322,,0,,CARQUEST
791000000000,FILTER - B75,,0,,CARQUEST
791000000000,FILTER - B7600 - LF667,,0,,CARQUEST
791000000000,FILTER - BD103,,0,,CARQUEST
791000000000,FILTER - BF5810,,0,,CARQUEST
791000000000,FILTER - BF584,11,0,,CARQUEST
791000000000,FILTER - BF7124,16,0,,CARQUEST
791000000000,FILTER - BF940,,0,,CARQUEST
791000000000,FILTER - BF970,,0,,CARQUEST
791000000000,FILTER - BT216,,0,,CARQUEST
791000000000,FILTER - BT287 - LF680,,0,,CARQUEST
791000000000,FILTER - BT536,,0,,CARQUEST
791000000000,FILTER - FF5108 - BF719,15.25,0,,CARQUEST
791000000000,FILTER - FS19975 - BF7950D,22.5,0,,CARQUEST
791000000000,FILTER - L7655 - LF871,16,0,,CARQUEST
791000000000,FILTER - LF3333 - B95,14.75,0,,CARQUEST
791000000000,FILTER - P7003,,0,,CARQUEST
791000000000,FILTER - PA2653,,0,,CARQUEST
791000000000,FILTER - PA2830,,0,,CARQUEST
795000000000,SCALE - SPRING 110LBS,,0,,?
85073042454,SHOVEL - FIBERGLASS 48',,0,,JOHNSON FIBERGLASS
85226022364,PERKO STARBOARD SIDE LIGHT - RED,,0,,?
85226022371,PERKO STARBOARD SIDE LIGHT - GREEN,,0,,?
85226655999,PERKO SPARE DOUBLE CONTACT SOCKET,,0,,?
86216314810,MARINE SIGNAL HORN,17.98,0,,WOFFORD
92187105036,KNIFE - DEXTER OYSTER,14,0,,HERITAGE WHOLESALE
92187151736,KNIFE - DEXTER 3' WHITE,6,0,,HERITAGE WHOLESALE
92443200055,COOLING SYSTEM TREATMENT (5GAL),115,0,,?
