00001,???,0,0,0,0,0,UNKNOWN,,
00002,45 BL-110 5FT IDN VAPOR THERMOMETER,145,100,0,15,0,JOHNSTONE,9/25/2018,
00003,505 BUSHING - 5' THIN,199,70,0,10,0,IMPORT,9/25/2018,
00004,505 BUSHING - 7' THICK,210,83.5,0,10,0,IMPORT,9/25/2018,"WIDTH: 4.15"" ///HEIGHT: 7"""
00005,505 BUSHING - 7' THIN,210,78,0,10,0,IMPORT,9/25/2018,
00006,505 FRICTION BLOCK - 28',650,280,0,5,0,SSC,9/25/2018,
00007,505 SPRING - 3-1/2',98,49,0,10,0,SSC,9/25/2018,
00008,505 SPRING - 3-2/3',98,49,0,10,0,SSC,9/25/2018,
00009,505 WASHER BRASS,60,30,0,25,0,SSC,9/25/2018,
00010,505 WASHER STEEL,12,1.5,0,25,0,SSC,9/25/2018,
00011,ACTION DEGREASER (GAL),17,10.05,0,336,0,SNEE CHEMICAL,9/25/2018,
00012,NEW12,0,0,0,0,0,UNKNOWN,9/25/2018,
00013,ALUMINUM BRIGHTENER (GAL),19,11.7,0,20,0,SNEE CHEMICAL,9/25/2018,
00014,ALUMINUM FISH NET FRAME,30,15,0,5,0,IMPORT,9/25/2018,
00015,ALUMINUM POOL HOOK,94,19.5,0,10,0,HITECH PLASTIC,9/25/2018,
00016,ALUMINUM SLEEVE - 3_8'_,3,1.5,0,50,0,DONOVAN,9/25/2018,
00017,WATER PUMP - 3HP 1-1/2' 56C FRAME,341,221.52,0,0,0,BANJO,,
00018,ANCHOR - LARGE,950,653,0,0,0,IMPORT,,
00019,ANCHOR - SMALL,750,516,0,0,0,IMPORT,,
00020,ANCHOR ROLLER 6' STAINLESS,525,0,0,0,0,IMPORT,,
00021,ANNUNCIATOR - MURPHY ALARM,564.98,0,0,0,0,DONOVAN,,
00022,ANTENNA - A99,90,0,0,0,0,UNKNOWN,,
00023,ANTENNA - CABLE,2.25,0,0,0,0,UNKNOWN,,
00024,ANTENNA - VHF,850,0,0,0,0,UNKNOWN,,
00025,APRON - BROWN (HEAVY DUTY),16,12,0,0,1,HERITAGE,,
00026,APRON - GREEN (MEDIUM DUTY),11,0,0,0,1,HERITAGE,,
00027,AXE HATCHET,20,0,0,0,0,UNKNOWN,,
00028,BABIT (PER LBS),25,0,0,0,0,UNKNOWN,,
00029,BALL JOINT KIT - 1/4,11,0,0,0,0,UNKNOWN,,
00030,ROUND BAR SS - 5/8' (FT),3.5,2.81,0,0,0,REGIONAL STEEL,,
00031,BASKET - BLUE,5,0,0,0,0,IMPORT,,
00032,BASKET - ORANGE,15,0,0,0,0,IMPORT,,
00033,BASKET - OYSTER,98,0,0,0,0,IMPORT,,
00034,BASKET - PURPLE (LARGE),19,8.1,0,0,0,IMPORT,,
00035,BASKET - PURPLE (SMALL),15,0,0,0,0,IMPORT,,
00036,BATTERY - CON 8D (CORE RETURNED),201.99,144.98,1,0,0,POPPE,,
00037,BATTERY - CON 4D (CORE RETURNED),114.49,76.36,0,0,0,POPPE,,
00038,BATTERY CLAMP,7,0,0,0,0,UNKNOWN,,
00039,BEARING - THRUST - ACE - T201,106,54.8,0,0,0,MOTION,,
00040,BEARING - DODGE - P2BE300R (PIL BLK 023018) - 3',586,452.26,0,0,0,MOTION,,
00041,BEARING - DODGE - P2BE207R (PIL BLK 023013) - 2-7/16',518,293.79,0,0,0,MOTION,,
00042,BEARING - THRUST - ENDURO - T252,138,98.19,0,0,0,MOTION,,
00043,BEARING - HUB CITY - PB250URX1.75,85,0,0,0,0,MOTION,,
00044,BEARING - HUB CITY - PB250X1.25,60,22.69,0,0,0,MOTION,,
00045,BEARING - HUB CITY - PB250X2.00,42,34.97,0,0,0,MOTION,,
00046,BEARING - HUB CITY - PB250X2.25 ,90,50,0,0,0,MOTION,,
00047,BEARING - HUB CITY - PB2-7/16,175,0,0,0,0,MOTION,,
00048,BEARING - HUB CITY - PB350DRWX2.50,165,0,0,0,0,MOTION,,
00049,BEARING - HUB CITY - PB350URX1.00,45,0,0,0,0,MOTION,,
00050,BEARING - HUB CITY FB350URX3.00,250,0,0,0,0,MOTION,,
00051,BEARING - KML - FLANGEX2.25,125,0,0,0,0,MOTION,,
00052,BEARING - KML - UCF209X2.00,50,0,0,0,0,MOTION,,
00053,BEARING - KML - UCF211-32X2.00,75,0,0,0,0,MOTION,,
00054,BEARING - KML - UCF213-40X2.50,125,0,0,0,0,MOTION,,
00055,BEARING - KML - FLANGE 3,250,0,0,0,0,MOTION,,
00056,BEARING - DODGE - P2BE208R (PIL BLK 023014) - 2-1/2',557.91,293.79,0,0,0,MOTION, 2018-09-14,
00057,DODGE - GEARBOX (47Q30R21 REDUCER),2850,0,0,0,0,UNKNOWN,9/24/2018,
00058,BEARING - DODGE - FLANGE 1-3/4' (F4BE112R),299,228.92,0,0,0,MOTION, 2018-09-14,
00059,BEARING - THRUST -TIMKEN - T350,340,233,0,0,0,MOTION,,
00060,BEARING - THRUST -TIMKEN - T201,198,99,0,0,0,MOTION,,
00061,BEARING - THRUST -TIMKEN - T252,220,102.17,0,0,0,MOTION,,
00062,BEARING - TWINDISC - MA489,195,0,0,0,0,MOTION,,
00063,BEARING - TWINDISC - MA986,125,0,0,0,0,MOTION,,
00064,BELT - C195,320,0,180,0,0,UNKNOWN,,
00065,BELT - C210,344,0,288,0,0,MOTION,,
00066,BELT - C220,198,0,0,0,0,MOTION,,
00067,BELT - C225,269,0,0,0,0,MOTION,,
00068,BELT SUPPORT,12,0,0,0,0,WHOLESALE,,
00069,BILGE PUMP - 2000,166,0,0,0,0,DONOVAN,,
00070,BLACK & YELLOW (LARGE),32,0,0,0,0,COMMODORE,,
00071,BLACK & YELLOW (SMALL),16,0,0,0,0,COMMODORE,,
00072,BLOCK SS - 1 TON,18,0,0,0,0,SAMCO,,
00073,BLOCK GALV - SINGLE 8' 10 TON,168,85,0,0,0,SAMCO,,
00074,BLOCK GALV - 2 TON,26,0,0,0,0,SAMCO,,
00075,BLOCK GALV - SINGLE 16' 20 TON (CHINA),1250,0,0,0,0,SAMCO,,
00076,BLOCK GALV - SINGLE 16' 20  TON (USA),1800,1600,0,0,0,SAMCO, 2018-09-13,
00077,BLOCK GALV - SINGLE 18' 25 TON (USA),1350,0,0,0,0,SAMCO,,
00078,BLOCK GALV - TRYNET SINGLE 6' (5 TON),75,29,0,0,0,SAMCO, 2018-09-13,
00079,BLOCK GALV - FATBOY 5TON,250,175,0,0,0,SAMCO, 2018-09-17,
00080,BLOCK SS - FATBOY 5TON,650,425,0,0,0,SAMCO,,
00081,BLOCK GALV - DOUBLE 10',210,0,0,0,0,SAMCO,,
00082,BLOCK GALV - DOUBLE 4',55,0,0,0,0,SAMCO,,
00083,BLOCK GALV - DOUBLE 6',88,0,0,0,0,SAMCO,,
00084,BLOCK GALV - DOUBLE 8',140,0,0,0,0,SAMCO,,
00085,BLOCK SS - LOBSTER #4,240,115,0,0,0,SAMCO, 2018-09-13,
00086,BLOCK GALV - SINGLE 12',195,0,0,0,0,SAMCO,,
00087,BLOCK GALV - SINGLE 16',1250,0,0,0,0,SAMCO,,
00088,BLOCK GALV - SINGLE 16' (USA),1600,0,0,0,0,SAMCO,,
00089,BLOCK GALV - SINGLE 4',35,0,0,0,0,SAMCO,,
00090,BLOCK GALV - SINGLE 6',54,0,0,0,0,SAMCO,,
00091,BLOCK GALV - SINGLE 8',75,0,0,0,0,SAMCO,,
00092,BLOCK GALV - SNATCH 8' W/HOOK (6600 LBS) ,110,0,0,0,0,SAMCO,9/22/2018,
00093,BLOCK GALV - SNATCH 10' W/ HOOK (6600 LBS),110,55,0,0,0,SAMCO,9/22/2018,
00094,BLOCK GALV - SNATCH 12' W/ HOOK (6600 LBS),175,78,0,0,0,SAMCO, 2018-09-13,
00095,BLOCK SS - SNATCH 12',250,0,0,0,0,SAMCO,,
00096,BLOCK GALV - SNATCH 6',64,0,0,0,0,SAMCO,,
00097,BLOCK GALV - SNATCH 8',84,0,0,0,0,SAMCO,,
00098,BLOCK GALV - TRIPLE 10',165,135,0,0,0,SAMCO,,
00099,BLOCK GALV - TRIPLE 8',95,65,0,0,0,SAMCO,,
00100,BOLT CUTTER - 36',55,0,0,0,0,WHOLESALE,,
00101,BOLT CUTTER - 42',75,0,0,0,0,WHOLESALE,,
00102,BOW STOP SS - 2-1/4',750,0,0,0,0,IMPORT,,
00103,BOW STOP STEEL - 2-1/4',550,0,0,0,0,IMPORT,,
00104,BRAKE WHEEL,120,0,1,0,0,UNKNOWN,,
00105,BREAK DRUM - BRASS,3150,0,0,0,0,IMPORT,,
00106,BREAK DRUM - CAST IRON,950,0,0,0,0,IMPORT,,
00107,BREAK LINER - 3/8X3,21,0,0,0,0,UNKNOWN,,
00108,BREAK LINER - 3-1/2X1/2,42,0,0,0,0,UNKNOWN,,
00109,BREAK LINER - 3-1/2X1/2,42,0,0,0,0,UNKNOWN,,
00110,BREAK LINER - 4-1/2X1/2' FT,57,0,0,0,0,UNKNOWN,,
00111,BREAK LINER - 4-1/2X1/2 ROLL/FT,47,0,0,0,0,UNKNOWN,,
00112,BREAK LINER - 4X1/2' FT,55,0,0,0,0,UNKNOWN,,
00113,BREAK LINER - 4X1/2' ROLL/FT,45,0,0,0,0,UNKNOWN,,
00114,BREAK LINER - 5X1/2' FT,60,0,0,0,0,UNKNOWN,,
00115,BREAK LINER - 5X1/2' ROLL/FT,50,0,0,0,0,UNKNOWN,,
00116,BREAK LINER - 6X1/2' FT,65,0,0,0,0,UNKNOWN,,
00117,BREAK LINER - 6X1/2' ROLL/FT,55,0,0,0,0,UNKNOWN,,
00118,BREAK LINER - 6X5/8' FT,74,0,0,0,0,UNKNOWN,,
00119,BREAK LINER - 6X5/8' ROLL/FT,64,0,0,0,0,UNKNOWN,,
00120,BREAK LINER - GRAY 1/2'X6',65,0,0,0,0,UNKNOWN,,
00121,BROOM,10,0,0,0,0,IMPORT,,
00122,BUSHING - 1-1/8',27,0,0,0,0,MOTION,,
00123,BUSHING - SH - 1-3/4',37,0,0,0,0,MOTION,,
00124,BUSHING - 2-1/2',75,0,0,0,0,MOTION,,
00125,BUSHING - 7/8 DODGE,25,0,0,0,0,MOTION,,
00126,BUSHING - BRASS - 3',65,0,0,0,0,IMPORT,,
00127,BUSHING - BRASS - 4',75,0,0,0,0,IMPORT,,
00128,BUSHING - BRASS - 5-5/8' X 3-1/2',120,0,0,0,0,IMPORT,,
00129,BUSHING - E3 MASTERDRIVE,125,0,0,0,0,MOTION,,
00130,CABLE CLAMP -  40 SER,7,0,0,0,0,SAMCO,,
00131,CABLE CLAMP GALV - 1',5,1.8,0,0,0,SAMCO, 2018-09-13,
00132,CABLE CLAMP GALV - 1/2',1,0,0,0,0,SAMCO,,
00133,CABLE CLAMP GALV - 1/4',1,0,0,0,0,SAMCO,,
00134,CABLE CLAMP GALV - 1-1/8',6.5,4.5,0,0,0,SAMCO,,
00135,CABLE CLAMP GALV - 3/4',4.5,0.8,0,0,0,SAMCO, 2018-09-13,
00136,CABLE CLAMP GALV - 3/8',1,0,0,0,0,SAMCO,,
00137,CABLE CLAMP GALV - 5/16',1,0,0,0,0,SAMCO,,
00138,CABLE CLAMP GALV - 5/8',2,0,0,0,0,SAMCO,,
00139,CABLE CLAMP GALV - 7/16',1,0,0,0,0,SAMCO,,
00140,CABLE CLAMP GALV - 7/8',3.5,0,0,0,0,SAMCO,,
00141,CABLE CLAMP SS - 1',20,14.3,0,0,0,SAMCO, 2018-09-10,
00142,CABLE CLAMP SS - 1/2',7,4,0,0,0,SAMCO,9/22/2018,
00143,CABLE CLAMP SS - 1/4',3,1,0,0,0,SAMCO,,
00144,CABLE CLAMP SS - 3/16',2,0,0,0,0,SAMCO,,
00145,CABLE CLAMP SS - 3/4',12,0,0,0,0,SAMCO,,
00146,CABLE CLAMP SS - 3/8',5,0,0,0,0,SAMCO,,
00147,CABLE CLAMP SS - 5/16',4,1.75,0,0,0,SAMCO,,
00148,CABLE CLAMP SS - 5/8',9,0,0,0,0,SAMCO,,
00149,CABLE CLAMP SS - 7/16',8,0,0,0,0,SAMCO,,
00150,CABLE CLAMP SS - 7/8',18,12.75,0,0,0,SAMCO,,
00151,CABLE CLAMP GALV - 1-1/4',10,0,1,0,0,UNKNOWN,,
00152,CABLE CLAMP SS - 9/16',14,0,1,0,0,UNKNOWN,,
00153,CABLE CUTTER - 24',24,0,0,0,0,WHOLESALE,,
00154,CABLE FITTING - 30 SER,5,0,0,0,0,SSC,,
00155,CABLE FITTING - 40 SER,12,0,0,0,0,SSC,,
00156,CABLE SPIKE SS - 16',64,32,0,0,0,UNKNOWN,,
00157,CABLE SPIKE SS - 18',72,39,0,0,0,SSC,,
00158,CABLE SPLICER,18.5,0,1,0,0,UNKNOWN,,
00159,CABLE SS - 1',6.5,2.75,0,0,0,SSC,,
00160,CABLE SS - 1/2',2.25,0,0,0,0,SSC,,
00161,CABLE SS - 1/4',1,0,0,0,0,SSC,,
00162,CABLE SS - 11/16',3.05,0,0,0,0,SSC,,
00163,CABLE SS - 3/4',4.5,0,0,0,0,SSC,,
00164,CABLE SS - 3/8',1.5,0.65,0,0,0,SSC,,
00165,CABLE SS - 5/16',1.2,0,0,0,0,SSC,,
00166,CABLE SS - 5/8',2.8,0,0,0,0,SSC,,
00167,CABLE SS - 7/16',1.8,0,0,0,0,SSC,,
00168,CABLE SS - 7/8',6.75,0,0,0,0,SSC,,
00169,CABLE SS - 9/16',2.35,0,0,0,0,UNKNOWN,,
00170,CAR FUSE SET 15PC,4.5,0,0,0,0,UNKNOWN,,
00171,CAT HEAD - 505,800,0,0,0,0,IMPORT,,
00172,CAT HEAD SS - 2-3/8',750,0,0,0,0,IMPORT,,
00173,CAT HEAD STEEL - 2-1/4',600,0,0,0,0,IMPORT,,
00174,CAT HEAD STEEL - 3-1/2',900,0,0,0,0,IMPORT,,
00175,CAULK GUN,7,0,0,0,0,WHOLESALE,,
00176,CERABLANKET,6.5,0,0,0,0,UNKNOWN,,
00177,CHAIN GALV - 1',14,0,0,0,0,SSC,,
00178,CHAIN GALV - 1/2',5.5,2.6,0,0,0,SAMCO,,
00179,CHAIN GALV - 1/4',1.2,0,0,0,0,SSC,,
00180,CHAIN GALV - 3/16',1,0,0,0,0,SSC,,
00181,CHAIN GALV - 3/4',10,5.6,0,0,0,SAMCO,,
00182,CHAIN GALV - 3/8',2.5,1.25,0,0,0,SAMCO,,
00183,CHAIN GALV - 5/16',2,0,0,0,0,SSC,,
00184,CHAIN GALV - 5/8',8,0,0,0,0,SSC,,
00185,CHAIN GALV - 7/16',3.5,1.9,0,0,0,SAMCO,,
00186,CHAIN GALV - 7/8',10,0,0,0,0,SSC,,
00187,CHAIN HIGH TEST GALV - 1/2',5.5,0,0,0,0,SSC,,
00188,CHAIN HIGH TEST GALV - 3/4',10,0,0,0,0,SSC,,
00189,CHAIN HIGH TEST GALV - 3/8',2.75,0,0,0,0,SSC,,
00190,CHAIN HIGH TEST GALV - 7/16',4,0,0,0,0,SSC,,
00191,CHAIN HIGH TEST GALV - 7/8',10,0,0,0,0,SSC,,
00192,CHAIN SS - 1/2' (FT),12,0,0,0,0,SSC,,
00193,CHAIN SS - 1/4' (FT),4,0,0,0,0,SSC,,
00194,CHAIN SS - 3/8' (FT),8,4,0,0,0,SAMCO,,
00195,CHAIN SS - 3/8' (400' BARREL),1900,1550,0,0,0,SSC,,
00196,CHAIN SS - 5/16' (BARREL OF 275'),1350,0,0,0,0,SSC,,
00197,CHAIN GALV - 3/16' (800' BARREL),396,296,0,0,0,SAMCO,,
00198,CHAIN SS - 5/8' (FT),16,0,0,0,0,SSC,,
00199,CHAIN SS - 7/16' (FT),10,5.75,0,0,0,SAMCO,,
00200,CHAIN SS - 7/8' (FT),19,0,0,0,0,SSC,,
00201,CHAIN SS - 9/16' (FT),13,8.75,0,0,0,SAMCO,,
00202,BLOCK GALV - CIRCULAR 6' 5 TON,45,0,1,0,0,UNKNOWN,,
00203,CHAIN DOUBLE HALF LINK #60,5.5,0,1,0,0,UNKNOWN,,
00204,CHAIN GALV - 3/8 (200' BARREL),420,250,1,0,0,SAMCO,,
00205,CHAIN GALV - 5/16' HT (BARREL),420,0,1,0,0,UNKNOWN,,
00206,CHAIN - STEEL DOOR SET,60,0,0,0,0,SSC,,
00207,CHAIN HOLDER - SS - 1/2',20,0,0,0,0,IMPORT,,
00208,CHAIN HOLDER - SS - 9/16',22,0,0,0,0,IMPORT,,
00209,CHAIN SS LONG FOR DOORS,12,0,0,0,0,SSC,,
00210,CHAIN STOPPER - SS - 1/2',20,9,0,0,0,IMPORT,,
00211,CHAIN STOPPER - SS - 9/16',22,8,0,0,0,IMPORT,,
00212,CLAMP BLOCK KIT OUTBOARD,94,0,0,0,0,DONOVAN,,
00213,CLAMP SS 2.1/2',3,0,0,0,0,SSC,,
00214,CLEVIS KIT SS,14,0,0,0,0,DONOVAN,,
00215,COLD GALVANIZED SPRAY - RUS-KIL,8,0,0,0,0,BLP,,
00216,COMMERCIAL COLD CONTROL,75,0,0,0,0,JOHNSTONE,,
00217,COMNAV 1001,2813,0,0,0,0,UNKNOWN,,
00218,COMPRESSOR - 4H.2Y ,6512,0,0,0,0,BITZER,,
00219,COMPRESSOR - 4H.2Y (CORE RETURNED),4212,0,0,0,0,BITZER, 2018-09-06,
00220,COMPRESSOR - 4N.2Y,4500,0,0,0,0,BITZER, 2018-09-14,
00221,COMPRESSOR - 4N.2Y (CORE RETURNED),3400,0,0,0,0,BITZER,9/21/2018,
00222,COMPRESSOR - P145 GA12C,145,0,0,0,0,BITZER,,
00223,COMPRESSOR 8JEEPOM,60,0,0,0,0,BITZER,,
00224,COMPRESSOR OIL - R22,50,0,0,0,0,BITZER,,
00225,COMPRESSOR OIL - R404,95,0,0,0,0,UNKNOWN,,
00226,COMPRESSOR SEAL,640,580,0,0,0,BITZER, 2018-09-14,
00227,CONTROL CABLE - 3300CC 12',35,0,0,0,0,DONOVAN,,
00228,CONTROL CABLE - 3300CC 30',75.98,0,0,0,0,DONOVAN,,
00229,CONTROL CABLE - 3300CC 32',65,0,0,0,0,DONOVAN,,
00230,CONTROL CABLE - 4300CC 32',134,0,0,0,0,DONOVAN,,
00231,CONTROL CABLE - 4300CC 40',153,0,0,0,0,DONOVAN,,
00232,CONTROL CABLE - 4300CC 50',175,0,0,0,0,DONOVAN,,
00233,CONTROL CABLE - 4300CC 60',210,0,0,0,0,DONOVAN,,
00234,COOLING SYSTEM TREATMENT (5GAL),115,0,0,0,0,UNKNOWN,,
00235,COPPER - 90 DEGREE STREET ELL - 5/8',7,0,0,0,0,UNKNOWN,,
00236,COPPER COIL (ROLL) 1/2',110,0,0,0,0,UNKNOWN,,
00237,COPPER COIL (ROLL) 3/8',80,0,0,0,0,UNKNOWN,,
00238,COPPER COIL (ROLL) 5/8',150,0,0,0,0,UNKNOWN,,
00239,COPPER PIPE - 1-3/4',8,0,0,0,0,UNKNOWN,,
00240,COPPER PIPE - 5/8',3.5,0,0,0,0,UNKNOWN,,
00241,COPPER SLEEVE - 1/4',2,0,0,0,0,SSC,,
00242,COPPER SLEEVE - 3/8',4.5,2.35,0,0,0,SAMCO,,
00243,COPPER SLEEVE - 5/16',3.5,0,0,0,0,SSC,,
00244,COPPER T - 3/8',7,0,0,0,0,UNKNOWN,,
00245,COPPER TREDUCE 1/2'X5/8',6.5,0,0,0,0,UNKNOWN,,
00246,CORNER DIP,10,0,0,0,0,MANUFACTURE,,
00247,COUPLING - 5/8',5,0,0,0,0,UNKNOWN,,
00248,PINION GEAR - MCELROY 504-505,650,0,0,10,0,IMPORT,9/25/2018,
00249,FRICTION BLOCK - 14' (TRYNET),370,185,0,5,0,SSC,9/25/2018,
00250,COUPLING - GEAR BOX,75,0,1,0,0,UNKNOWN,,
00251,CRAB TONGS,15,0,0,0,0,IMPORT,,
00252,CRAB TRAP,35,0,0,0,0,UNKNOWN,,
00253,CRANKCASE PRESSURE REGULATOR,280,0,0,0,0,UNKNOWN,,
00254,CROW BAR - 36'X75',18,0,0,0,0,WHOLESALE,,
00255,CS+ LUBRICANT,8,0,0,0,0,UNKNOWN,,
00256,CULLING RAKE,8.5,0,0,0,0,IMPORT,,
00257,CUTTING WHEEL - 4.1/2',2.5,0,1.01,0,0,AIRGAS,,
00258,D/C 550 - GAL,21,0,0,0,0,UNKNOWN,,
00259,DAMPER FUEL LINE,20,0,0,0,0,UNKNOWN,,
00260,DAYSHAPE,117,0,0,0,0,DONOVAN,,
00261,DECK BRUSH - BLUE,8,0,0,0,0,UNKNOWN,,
00262,DECK BRUSH - MAROON,6,0,0,0,0,UNKNOWN,,
00263,DECK HANDLE WITH SCREW,8,0,0,0,0,UNKNOWN,,
00264,DECK HORN WATERPROOF (699213),69.49,41.69,0,0,0,DONOVAN,,
00265,DEPOSIT,-,0,0,0,0,UNKNOWN,,
00266,DEWALT GRINDER,150,0,0,0,0,UNKNOWN,,
00267,DIESEL ENGINE OIL - Mega Shrimp Boat SAE 40,60,0,0,0,0,SOUTH TEXAS OIL,,
00268,DOOR HANDLES STEEL,120,0,0,0,0,IMPORT,,
00269,DRIER FILTER CORE,36,0,0,0,0,UNKNOWN,,
00270,DRIER SHELL,240,0,0,0,0,UNKNOWN,,
00271,PTO - COTTER PIN (B1535C),2.5,0.62,0,0,0,SEWART,,
00272,DUAL LEVER CONTROL - MARPAC,178.98,0,0,0,0,UNKNOWN,,
00273,DUAL PRESSURE CONTROL - 20',145,0,0,0,0,UNKNOWN,,
00274,DUCT TAPE,5.5,0,0,0,0,SAM'S CLUB,,
00275,DUMMY DOOR SET (STEEL),1950,0,0,0,0,MANUFACTURE,,
00276,DUPONT ISCEON M099,240,0,0,0,0,UNKNOWN,,
00277,DUST MASK,0.5,0,0,0,0,WHOLESALE,,
00278,ELBOW FITTING 3/4' - HYDRAULIC,27,0,0,0,0,UNKNOWN,,
00279,ELECTRIC BLACK TAPE,1,0,0,2,0,WHOLESALE,,
00280,ELECTRIC CLUTCH 12V - MA-7AJ-1,217,0,0,0,0,UNKNOWN,,
00281,ELECTRONIC DUST CLEANER,,0,0,0,0,UNKNOWN,,
00282,END CABLE,5,0,0,0,0,UNKNOWN,,
00283,END CABLE USA,7.5,0,0,0,0,UNKNOWN,,
00284,ENDALL RUST,69,0,0,0,0,UNKNOWN,,
00285,ENGINE CONTROLLER,250,0,0,0,0,UNKNOWN,,
00286,EPIRB GLOBALFIX CAT 1 (200430),599.95,539.36,1,0,0,UNKNOWN,,
00287,EXHAUST HOSE 1.1/2' (FT),7.35,0,0,0,0,UNKNOWN,,
00288,EXHAUST HOSE 1.1/2' (IN),0.65,0,0,0,0,UNKNOWN,,
00289,EXHAUST HOSE 1.3/4' (FT),8.25,0,0,0,0,UNKNOWN,,
00290,EXHAUST HOSE 1.3/4' (IN),0.7,0,0,0,0,UNKNOWN,,
00291,EXHAUST HOSE 1.5/8' (FT),8.45,0,0,0,0,UNKNOWN,,
00292,EXHAUST HOSE 1.5/8' (IN),0.73,0,0,0,0,UNKNOWN,,
00293,EXHAUST HOSE 1.7/8' (FT),13.25,0,0,0,0,UNKNOWN,,
00294,EXHAUST HOSE 1.7/8' (IN),0.75,0,0,0,0,UNKNOWN,,
00295,EXHAUST HOSE 2' (FT),11,0,0,0,0,UNKNOWN,,
00296,EXHAUST HOSE 2' (IN),0.8,0,0,0,0,UNKNOWN,,
00297,EXHAUST HOSE 2.1/2' (FT),13.25,0,0,0,0,UNKNOWN,,
00298,EXHAUST HOSE 2.1/2' (IN),1.15,0,0,0,0,UNKNOWN,,
00299,EXHAUST HOSE 2.1/4' (FT),11.2,0,0,0,0,UNKNOWN,,
00300,EXHAUST HOSE 2.1/4' (IN),0.95,0,0,0,0,UNKNOWN,,
00301,EXHAUST HOSE 2.1/8' (FT),9.6,0,0,0,0,UNKNOWN,,
00302,EXHAUST HOSE 2.1/8' (IN),0.85,0,0,0,0,UNKNOWN,,
00303,EXHAUST HOSE 2.3/8' (FT),16.25,0,0,0,0,UNKNOWN,,
00304,EXHAUST HOSE 2.3/8' (IN),1.1,0,0,0,0,UNKNOWN,,
00305,EXHAUST HOSE 2.7/8' (FT),14.6,0,0,0,0,UNKNOWN,,
00306,EXHAUST HOSE 2.7/8' (IN),1.25,0,0,0,0,UNKNOWN,,
00307,EXHAUST HOSE 3' (FT),20.25,0,0,0,0,UNKNOWN,,
00308,EXHAUST HOSE 3' (IN),1.7,0,0,0,0,UNKNOWN,,
00309,EXHAUST HOSE 3.1/2' (FT),22.5,0,0,0,0,UNKNOWN,,
00310,EXHAUST HOSE 3.1/2' (IN),2.25,0,0,0,0,UNKNOWN,,
00311,EXHAUST HOSE 3.1/8' (FT),20.75,0,0,0,0,UNKNOWN,,
00312,EXHAUST HOSE 3.1/8' (IN),1.9,0,0,0,0,UNKNOWN,,
00313,EXHAUST HOSE 4' (FT),18.75,0,0,0,0,UNKNOWN,,
00314,EXHAUST HOSE 4' (IN),1.6,0,0,0,0,UNKNOWN,,
00315,EXHAUST HOSE 4.1/2' (FT),26.1,0,0,0,0,UNKNOWN,,
00316,EXHAUST HOSE 4.5' (IN),2.2,0,0,0,0,UNKNOWN,,
00317,EXHAUST HOSE 5' (FT),26.9,0,0,0,0,UNKNOWN,,
00318,EXHAUST HOSE 5' (IN),2.25,0,0,0,0,UNKNOWN,,
00319,EXHAUST HOSE 6' (FT),35.45,0,0,0,0,UNKNOWN,,
00320,EXHAUST HOSE 6' (IN),2.9,0,0,0,0,UNKNOWN,,
00321,EXPANSION VALVE 3/8 X 1/2,105,0,0,0,0,UNKNOWN,,
00322,EXPANSION VALVE TS-2,59,0,0,0,0,UNKNOWN,,
00323,EXTENSION CORD - 50',40,0,0,0,0,SAM'S CLUB,,
00324,FABRICATED SHAFT 3' x 7',566,0,0,0,0,MANUFACTURE,,
00325,FEMALE PLUG - 110V,5,0,0,0,0,UNKNOWN,,
00326,FIBERGLASS DISK - G80,50,0,0,0,0,JOHNSON FIBERGLASS,,
00327,FIBERGLASS MESH - LB,4,0,0,0,0,JOHNSON FIBERGLASS,,
00328,FIBERGLASS RESIN - GAL,30,0,0,0,0,JOHNSON FIBERGLASS,,
00329,FIBERGLASS RESIN W/ STEEL PAIL - 5 GAL,130,0,0,0,0,JOHNSON FIBERGLASS,,
00330,FIBERGLASS RESIN W/ STEEL PAIL - GAL,28,0,0,0,0,JOHNSON FIBERGLASS,,
00331,FIBERGLASS TAPE (FT),1,0,0,0,0,JOHNSON FIBERGLASS,,
00332,FILTER - 3412,115,0,0,0,0,CARQUEST,,
00333,FILTER - 48DM,36,0,0,0,0,CARQUEST,,
00334,FILTER - 8-94321219-1 ISUZU OIL,,0,0,0,0,CARQUEST,,
00335,FILTER - AF1896 - PA2554,95,0,0,0,0,CARQUEST,,
00336,FILTER - AF331 - PA1620S,24,0,0,0,0,CARQUEST,,
00337,FILTER - AFO186900,115,0,0,0,0,CARQUEST,,
00338,FILTER - AH1107 - PA2805,29.5,0,0,0,0,CARQUEST,,
00339,FILTER - AH1199 - PA2829,44.75,0,0,0,0,UNKNOWN,,
00340,FILTER - AIR 3408,105,0,0,0,0,CARQUEST,,
00341,FILTER - B178,,0,0,0,0,CARQUEST,,
00342,FILTER - B7089,,0,0,0,0,CARQUEST,,
00343,FILTER - B7125 - LF3703 - LFP5757 - P551352,13.5,0,0,0,0,CARQUEST,,
00344,PTO - PIN (B1538A/B1537D),3.5,1.39,0,0,0,SEWART,,
00345,FILTER - B7322,15.57,0,0,0,0,UNKNOWN,,
00346,FILTER - B75,,0,0,0,0,CARQUEST,,
00347,WEBBING - AQUAMARINE (WHOLESALE),6.62,4,0,0,0,TYTAN,,
00348,FILTER - BD103,,0,0,0,0,CARQUEST,,
00349,FILTER - BF5810,,0,0,0,0,CARQUEST,,
00350,FILTER - BF584,11,0,0,0,0,CARQUEST,,
00351,FILTER - BF7124,16,0,0,0,0,CARQUEST,,
00352,FILTER - BF825,,0,0,0,0,CARQUEST,,
00353,FILTER - BF940,,0,0,0,0,CARQUEST,,
00354,FILTER - BF954,16,0,0,0,0,CARQUEST,,
00355,FILTER - BF970,,0,0,0,0,CARQUEST,,
00356,FILTER - BT216,,0,0,0,0,CARQUEST,,
00357,FILTER - BT287 - LF680,,0,0,0,0,CARQUEST,,
00358,FILTER - BT359,18,0,0,0,0,CARQUEST,,
00359,FILTER - BT536,,0,0,0,0,CARQUEST,,
00360,FILTER - FF211 - BF584 - LFF5823B,11,6.89,0,0,0,CARQUEST,,
00361,FILTER - FF5108 - BF719,15.25,0,0,0,0,CARQUEST,,
00362,FILTER - FF5320 - BF7633,9,0,0,0,0,CARQUEST,,
00363,FILTER - FS19583 - BF7674 - L3102F,21,0,0,0,0,CARQUEST,,
00364,FILTER - FS19975 - BF7950D,22.5,14.91,0,0,0,CARQUEST,,
00365,FILTER - FS20102 - PF598,9.25,0,0,0,0,CARQUEST,,
00366,FILTER - HF6243,,0,0,0,0,CARQUEST,,
00367,FILTER - HF6802,,0,0,0,0,CARQUEST,,
00368,FILTER - L2020FN,13.5,0,0,0,0,CARQUEST,,
00369,FILTER - L2020FN (BOX),144,0,0,0,0,CARQUEST,,
00370,FILTER - L2021F,,0,0,0,0,CARQUEST,,
00371,FILTER - L3887F - BF7674,,0,0,0,0,CARQUEST,,
00372,FILTER - L4604F,,0,0,0,0,CARQUEST,,
00373,FILTER - L7655 - LF871,16,0,0,0,0,CARQUEST,,
00374,FILTER - LAF2534,0,30.96,0,0,0,SOUTH TEXAS OIL,,
00375,FILTER - LAF3534,,0,0,0,0,CARQUEST,,
00376,FILTER - LAF4714,110,0,0,0,0,CARQUEST,,
00377,FILTER - LAF851,,0,0,0,0,CARQUEST,,
00378,FILTER - LF3333 - B95,14.75,0,0,0,0,CARQUEST,,
00379,FILTER - LF3642 - B7144,15.5,0,0,0,0,CARQUEST,,
00380,FILTER - LF667 - B7600,11,0,0,0,0,CARQUEST,,
00381,FILTER - LF678 - BT259,11.5,0,0,0,0,CARQUEST,,
00382,FILTER - LF680 - BT287,18,11.5,0,0,0,CARQUEST,,
00383,FILTER - LF691 - LFP4005 - B99,16,0,0,0,0,CARQUEST,,
00384,FILTER - LF691 (BOX),96,0,0,0,0,CARQUEST,,
00385,FILTER - LF691A,19.99,0,0,0,0,UNKNOWN,,
00386,FILTER - LFF2040N,6,0,0,0,0,CARQUEST,,
00387,FILTER - LFF3347,10,0,0,0,0,CARQUEST,,
00388,FILTER - LFF3415,10,0,0,0,0,CARQUEST,,
00389,FILTER - LFF3521,,0,0,0,0,CARQUEST,,
00390,FILTER - LFF5823,,0,0,0,0,CARQUEST,,
00391,FILTER - LFH4223,18,0,0,0,0,CARQUEST,,
00392,FILTER - LFH8412,48,0,0,0,0,CARQUEST,,
00393,FILTER - LFP3191,,0,0,0,0,CARQUEST,,
00394,FILTER - LFP3417,,0,0,0,0,CARQUEST,,
00395,FILTER - LFP6007,16,0,0,0,0,CARQUEST,,
00396,FILTER - LFP911,,0,0,0,0,CARQUEST,,
00397,FILTER - LP2247,0,0,0,0,0,CARQUEST,,
00398,FILTER - LP2017,,0,0,0,0,CARQUEST,,
00399,FILTER - LP8172,,0,0,0,0,CARQUEST,,
00400,FILTER - P7003,,0,0,0,0,CARQUEST,,
00401,FILTER - PA1681-FN,,0,0,0,0,CARQUEST,,
00402,FILTER - PA1765,115,0,0,0,0,CARQUEST,,
00403,FILTER - PA2653,,0,0,0,0,CARQUEST,,
00404,FILTER - PA2830,,0,0,0,0,CARQUEST,,
00405,FILTER - PH 4403,,0,0,0,0,CARQUEST,,
00406,FILTER - PH4403 - LF701,20,5.68,0,0,0,CARQUEST,,
00407,FILTER - PH725,,0,0,0,0,CARQUEST,,
00408,FILTER AIR - ROLL 65',90,0,0,0,0,CARQUEST,,
00409,FILTER DRIER - DCL415,60,0,0,0,0,CARQUEST,,
00410,FIRE EXTINGUISHER,25,0,0,0,0,DONOVAN,,
00411,FIRST AID KIT (339730),139.98,75,0,0,0,DONOVAN,,
00412,FISH EYE - ALUMINUM,35,11.5,0,0,0,HI TECH PLASTIC, 2018-09-13,
00413,FISH EYE - SS,35,0,0,0,0,IMPORT,,
00414,FISH SHOOTER - NYLON,150,0,0,0,0,MANUFACTURE,,
00415,FISH SHOOTER - AQUAMARINE,175,0,0,0,0,MANUFACTURE,,
00416,MOTOR - WATER PUMP 5HP 3600RPM 184TC,380,304,0,0,0,WOFFORD,,
00417,CHAIN SS - 1/2' (200' BARREL),1550,1350,0,0,0,SAMCO,,
00418,FISKAR SCISSOR - ORANGE,20.77,13.27,0,24,0,HERITAGE,,
00419,Flap Sanding Disc Set - 4.1/2',5.28,0,0,0,0,WHOLESALE,,
00420,FLARE - BUOYANT SMOKE SIGNAL ORANGE,59,38.87,0,0,0,COMMODORE,,
00421,FLARE - HAND,21,12.08,0,0,0,COMMODORE,,
00422,FLARE - PARACHUTE,55,38.67,0,0,0,COMMODORE,,
00423,FLASHLIGHT LED,7,0,0,0,0,UNKNOWN,,
00424,FLAT 3/4 X 6 X 20,,0,0,0,0,REGIONAL STEEL,,
00425,FLAT BAR - SS: 1/2' X 3' (PER FT),15,0,0,0,0,REGIONAL STEEL,,
00426,FLAT BAR - SS: 1/4' X 1-1/2' (PER FT),10,0,0,0,0,REGIONAL STEEL,,
00427,FLAT BAR - SS: 1/4' X 1-1/4' (PER FT),5,0,0,0,0,REGIONAL STEEL,,
00428,FLAT BAR - 1-1/4X1/4X12',120,0,0,0,0,REGIONAL STEEL,,
00429,FLOAT - BROWN (SMALL),4,0,0,0,0,IMPORT,,
00430,FLOAT - BULLET,16,9,0,0,0,IMPORT,,
00431,FLOAT - BULLET RED/WHITE,26,0,0,0,0,UNKNOWN,,
00432,FLOAT - ORANGE/PURPLE HARD 8',18,4.78,0,0,0,HI TECH PLASTIC, 2018-09-13,
00433,BLOCK GALV - TRYNET SINGLE 8' (10 TON),145,110,0,0,0,SAMCO, 2018-09-13,
00434,FLOAT - YELLOW - LARGE,11,5.27,0,0,0,IMPORT,,
00435,FLOAT - YELLOW - SMALL,9,0,0,0,0,IMPORT,,
00436,MOTOR - WATER PUMP 3HP 3600RPM 56C,317.5,254,0,0,0,WOFFORD,,
00437,FREEON 22,350,0,0,0,0,UNKNOWN,,
00438,FREEON 404,185,0,0,0,0,UNKNOWN,,
00439,FREEON A99,240,0,0,0,0,UNKNOWN,,
00440,FRICTION HUB SS SET,1200,0,0,0,0,UNKNOWN,,
00441,GALV. EXP. METAL RAISED 1-1/2 #6 - 5X10,,0,0,0,0,UNKNOWN,,
00442,GASKET - 3',15,0,0,0,0,UNKNOWN,,
00443,GASKET (FOR DOORS) FT,6,0,0,0,0,UNKNOWN,,
00444,GASKET - 8',55,0,0,0,0,UNKNOWN,,
00445,GEAR CHAIN CONNECTOR,5,0,0,0,0,UNKNOWN,,
00446,GEAR CHAIN COUPLING - 8020,,0,0,0,0,UNKNOWN,,
00447,GEAR CHAIN COUPLING - HUB - 2',,0,0,0,0,UNKNOWN,,
00448,GEAR CHAIN COUPLING - HUB - 2-1/4',,0,0,0,0,UNKNOWN,,
00449,GEAR CHAIN DIAMOND - S-100,42,0,0,0,0,UNKNOWN,,
00450,GENERATOR SET,,0,0,0,0,UNKNOWN,,
00451,GENERATOR SET - JOHN DEERE,19403,0,0,0,0,UNKNOWN,,
00452,GLOVE - TOUCH N TUFF (BOX),14,0,0,0,1,HERITAGE,,
00453,CHAIN GALV - 3/8' (400' BARREL),860,500,0,0,0,SSC,,
00454,GLOVE - CRAB (PACK),22,0,0,1,1,HERITAGE WHOLESALE,,
00455,GLOVE - GREEN (PAIR),6,0,0,1,1,HERITAGE WHOLESALE,,
00456,GLOVE - OYSTER (PACK),45,0,0,1,1,HERITAGE WHOLESALE,,
00457,GLOVE - OYSTER PAIR,7,0,0,1,1,HERITAGE WHOLESALE,,
00458,GLOVE - WELDING (PAIR),16,0,0,1,1,HERITAGE WHOLESALE,,
00459,GLOVE - FREEZER (PAIR),7.5,2.65,0,0,1,HERITAGE WHOLESALE,,
00460,GLOVE - RUBBER DOTTED (PAIR),1.5,0,0,1,1,HERITAGE WHOLESALE,,
00461,GLOVE - YELLOW (DOZEN),32,22,0,1,1,HERITAGE WHOLESALE,,
00462,GLOVE - YELLOW (PAIR),3.5,1.83,0,0,1,HERITAGE WHOLESALE,,
00463,GLOVE - NITRILE LATEX (BOX),10,0,0,1,1,HERITAGE WHOLESALE,,
00464,GLOVE - WHITE (PAIR),1.5,0,0,1,1,HERITAGE WHOLESALE,,
00465,GOJO - GALLON,23,0,0,0,0,SAM'S CLUB,,
00466,GREASE FITTING,1,0,0,0,0,UNKNOWN,,
00467,GREASE GUN - HOSE,8.5,0,1,0,0,UNKNOWN,,
00468,GREASE HOSE ASSEMBLY,37,0,0,0,0,UNKNOWN,,
00469,GREEN NET SACKS,170,0,0,0,0,MANUFACTURE,,
00470,GRINDING DISK - 4',3,0,0,0,0,WHOLESALE,,
00471,GRINDING DISK - 4.5' 024,3.8,0,0,0,0,UNKNOWN,,
00472,GRINDING WHEEL - 4.1/2',3.5,0,1.84,0,0,AIRGAS,,
00473,GRINDING WHEEL W/NUT - 7',7.5,0,3.25,0,0,WHOLESALE,,
00474,GUNK DEGREASER,5,0,0,0,0,UNKNOWN,,
00475,HAMMER,10,0,0,0,0,WHOLESALE,,
00476,HAMMER - LONG NAIL,15,0,0,0,0,WHOLESALE,,
00477,HAND CHOP SAW - (FULL) 12',5,0,0,0,0,WHOLESALE,,
00478,HAND CHOP SAW - BLADE 12',2,0,0,0,0,WHOLESALE,,
00479,HAND CHOP SAW - HANDLE 12',3,0,0,0,0,WHOLESALE,,
00480,HAND PUMP - CAT,145,0,0,0,0,UNKNOWN,,
00481,HAND PUMP - GASKET,10,0,0,0,0,UNKNOWN,,
00482,HANGING CABLE - 1/2',0.85,0,0,0,0,UNKNOWN,,
00483,HANGING CABLE - 3/8',0.7,0,0,0,0,UNKNOWN,,
00484,HANGING CABLE 7/16',0.75,0,0,0,0,UNKNOWN,,
00485,HANGING CABLE 9/16',1.1,0,0,0,0,UNKNOWN,,
00486,HANGING CABLE 9/16' (UNDER 100 FT),1.25,0,0,0,0,UNKNOWN,,
00487,HAT POLYESTER,5,0,0,0,0,UNKNOWN,,
00488,HAT STRAW,5,0,0,0,0,UNKNOWN,,
00489,HEX KEY SET - 1/16-1/4' 8PC,3,0,0,0,0,WHOLESALE,,
00490,HITACHI GRINDER 4.1/2',65,0,0,0,0,UNKNOWN,,
00491,HOOK - DEXTER,15,0,0,0,0,HERITAGE WHOLESALE,,
00492,HOOK - SHRIMP (CHINA),7,0,0,0,0,UNKNOWN,,
00493,HOOK - SHRIMP (USA),15,0,0,0,0,HERITAGE WHOLESALE,,
00494,HOOK GALV - 1',26,10,0,0,0,SSC,,
00495,HOOK GALV - 1-1/4',45,0,0,0,0,SSC,,
00496,HOOK GALV - 1-1/8',32,0,0,0,0,SSC,,
00497,HOOK GALV - 1-3/8',64,0,0,0,0,SSC,,
00498,HOOK GALV - 1/2',8,0,0,0,0,SSC,,
00499,HOOK GALV - 3/4',14,3.9,0,0,0,SAMCO,,
00500,HOOK GALV - 5/8',10,0,0,0,0,SSC,,
00501,HOOK GALV - 7/8',21,0,0,0,0,SSC,,
00502,HOOK SS - 1',42,0,0,0,0,SSC,,
00503,HOOK SS - 1.1/4',58,99.99,0,0,0,SSC,,
00504,HOOK SS - 1.1/8',42,69.99,0,0,0,SSC,,
00505,HOOK SS - 1.3/8',66,0,0,0,0,SSC,,
00506,HOOK SS - 1/2',10,0,0,0,0,SSC,,
00507,HOOK SS - 3/4',28,24.65,0,0,0,SSC,,
00508,HOOK SS - 5/8',15,0,0,0,0,SSC,,
00509,HOOK SS - 7/8',39,39.99,0,0,0,SSC,,
00510,HOOK SS - 9/16',13,0,0,0,0,SSC,,
00511,HOSE 3/4' - HYDRAULIC BLUE (FT),21,10.68,0,0,0,MOTION,,
00512,HOSE CLAMP - 3-1/2',3.5,0,0,0,0,UNKNOWN,,
00513,HOSE CLAMP - 4',4,0,0,0,0,UNKNOWN,,
00514,HOSE CLAMP - 4-1/2',4.5,0,0,0,0,UNKNOWN,,
00515,HOSE RED - 1-1/2' (FT),5.5,0,0,0,0,UNKNOWN,,
00516,HOSE RED - 1-1/4' (FT),5.5,0,0,0,0,UNKNOWN,,
00517,HYDRAULIC OIL (5 GAL) - MEGA PREMIUM HYDRAULIC PLUS AW 68,55,0,0,0,0,SOUTH TEXAS OIL,,
00518,HYDROSTATIC RELEASE UNIT - EPIRB (201486),112.17,93.48,0,0,0,DONOVAN,,
00519,HYDROSTATIC RELEASE UNIT - RAFT (436471),151.96,126.63,0,0,0,DONOVAN,,
00520,JABSCO IMPELLER 5/8' (418373),41.79,28.8,0,0,0,DONOVAN,,
00521,JABSCO IMPELLER 1' (418448),59.68,39.52,0,0,0,DONOVAN,,
00522,KEYWAY - 1/2',17,0,1,0,0,UNKNOWN,,
00523,KEYWAY - 1/4',12,0,0,0,0,UNKNOWN,,
00524,KEYWAY - 7/16',15,0,0,0,0,UNKNOWN,,
00525,KNIFE - DEXTER 3' WHITE,6,0,0,0,0,HERITAGE WHOLESALE,,
00526,KNIFE - DEXTER 3' WHITE WIDE ,10,0,0,0,0,HERITAGE WHOLESALE,,
00527,KNIFE - DEXTER OYSTER,14,0,0,0,0,HERITAGE WHOLESALE,,
00528,KNIFE - PARING WHITE,3,0,0,0,0,HERITAGE WHOLESALE,,
00529,KNIFE - STEAK,1,0,0,0,0,SAMS CLUB,,
00530,KNIFE - UTILITY 6',6,0,0,0,0,HERITAGE WHOLESALE,,
00531,KNIFE - VICTORINOX JAGGED,8,0,0,0,0,HERITAGE WHOLESALE,,
00532,KNIFE SHARPENER,10,0,0,0,0,HERITAGE WHOLESALE,,
00533,KNIFE - VICTORINOX,7,0,0,0,0,UNKNOWN,,
00534,LABOR - NET,185,0,0,0,0,MANUFACTURE,,
00535,LABOR - NET (HUNG),225,0,0,0,0,MANUFACTURE,,
00536,LABOR - NETS,,0,0,0,0,MANUFACTURE,,
00537,LABOR - PLASMA CUT,100,0,0,0,0,MANUFACTURE,,
00538,LABOR - SPLICE,15,0,0,0,0,MANUFACTURE,,
00539,LIFE VEST,55,0,0,0,0,DONOVAN,,
00540,LIGHT BASE - 220V,5,0,0,0,0,UNKNOWN,,
00541,LIGHT BULB - 1000W,49,0,0,0,0,UNKNOWN,,
00542,LIGHT BULB - 12V 50W,4,0,0,0,0,UNKNOWN,,
00543,LIGHT BULB - 25W - 120V,4.5,0,0,0,0,UNKNOWN,,
00544,LIGHT BULB - 400W,26,0,0,0,0,UNKNOWN,,
00545,LIGHT BULB - CFL 40W 4',8,0,0,0,0,UNKNOWN,,
00546,LIGHT BULB - CFL 60W,3,0,0,0,0,UNKNOWN,,
00547,LIGHT BULB - LED 60W,6,0,0,0,0,UNKNOWN,,
00548,LIGHT BULB - NAVIGATION,4.5,0,0,0,0,IMPORT,,
00549,LIGHT COVER - RED - WHITE - GREEN,55,0,0,0,0,UNKNOWN,,
00550,LIGHT MARKER,13.5,0,0,0,0,COMMODORE,,
00551,LIGHT SOCKET - BLACK,35,0,0,0,0,UNKNOWN,,
00552,LINE VALVE - 214 6ST,105,0,0,0,0,UNKNOWN,,
00553,LINE VALVE - 216-10ST 5/8',55,0,0,0,0,UNKNOWN,,
00554,LIQUID FILTER 415,64,0,0,0,0,JOHNSTONE,,
00555,LOCK,7,0,0,0,0,WHOLESALE,,
00556,LOCK PIN,12,0,0,0,0,UNKNOWN,,
00557,LOCK WASHER - 02007240,6,0,0,0,0,UNKNOWN,,
00558,LOUD HAILER - 30W (VLH-3000),343,0,0,0,0,DONOVAN, 2018-09-13,
00559,LUBRICANT SPRAY,7.5,0,0,0,0,UNKNOWN,,
00560,MALLET RUBBER,3,0,0,0,0,WHOLESALE,,
00561,MARINE LIGHT - BASE,85,0,0,0,0,IMPORT,,
00562,MARINE LIGHT - BIG GREEN,175,31.5,0,0,0,IMPORT,,
00563,MARINE LIGHT - BIG RED,175,31.5,0,0,0,IMPORT,,
00564,MARINE LIGHT - BIG SMOKE,175,31.5,0,0,0,IMPORT,,
00565,MARINE LIGHT - BIG WHITE,175,31.5,0,0,0,IMPORT,,
00566,MARINE LIGHT - FRAME,55,0,0,0,0,IMPORT,,
00567,MARINE LIGHT - SMALL GREEN,135,0,0,0,0,IMPORT,,
00568,MARINE LIGHT - SMALL RED,135,0,0,0,0,IMPORT,,
00569,MARINE LIGHT - SMALL WHITE,135,0,0,0,0,IMPORT,,
00570,MARINE SEALANT - 3M ADHESIVE SEALANT 5200,25,24.38,0,0,0,COMMODORE,,
00571,MARINE SIGNAL HORN (811988),23.5,13.86,0,0,0,DONOVAN,,
00572,CHAIN DOUBLE MASTER LINK #60,5.5,0,1,0,0,UNKNOWN,,
00573,MASTERDRIVE - SF 2-7/16',75,0,0,0,0,MOTION,,
00574,MASTERDRIVE IB110SDS,74,0,0,0,0,MOTION,,
00575,MASTERDRIVE IB34SH,37,0,0,0,0,MOTION,,
00576,MASTERDRIVE SH 1-1/8,27,0,0,0,0,MOTION,,
00577,MEASURING TAPE - 33',14.5,0,0,0,0,WHOLESALE,,
00578,METAL:ANGLE - 304L 2 X 2 X 1/4 (FT),14.66,0,0,0,0,REGIONAL STEEL,,
00579,METAL:ANGLE - SS: 1-1/2' X 1-1/2' X 1/4' (20 FT),150,0,0,0,0,REGIONAL STEEL,,
00580,METAL:ANGLE - SS: 1-1/2' X 1-1/2' X 1/4' (PER FT),12,0,0,0,0,REGIONAL STEEL,,
00581,METAL:ANGLE - SS: 1-1/2' X 1-1/2' X 1/8' (20 FT),,0,0,0,0,REGIONAL STEEL,,
00582,METAL:ANGLE - SS: 1-1/2' X 1-1/2' X 1/8' (PER FT),8,0,0,0,0,REGIONAL STEEL,,
00583,METAL:ANGLE - SS: 2' X 2' X 1/4' (20FT),175,0,0,0,0,REGIONAL STEEL,,
00584,METAL:ANGLE - SS: 2' X 2' X 1/4' (PER FT),8,0,0,0,0,REGIONAL STEEL,,
00585,METAL:ANGLE - SS: 3' X 3' X 1/4' (20FT),240,0,0,0,0,REGIONAL STEEL,,
00586,METAL:ANGLE - SS: 3' X 3' X 1/4' (PER FT),14,0,0,0,0,UNKNOWN,,
00587,MOTOR - COMPRESSOR/TRYNET 10HP 1800RPM 215TC,716.25,573,0,0,0,WOFFORD,,
00588,MOTOR - FAN 2HP 1800RPM 215TC,245,0,0,0,0,WOFFORD,,
00589,MOTOR - BRINE TANK 3HP 1800RPM 182T,320,249,0,0,0,WOFFORD,,
00590,MOTOR - WATER PUMP 3HP 3600RPM 145TC,333.75,267,0,0,0,WOFFORD,,
00591,MOTOR - 5HP 1800RPM,695,0,0,0,0,UNKNOWN,,
00592,MOTOR - TRYNET 7.5HP 1800RPM 215TC,563.75,451,0,0,0,WOFFORD,,
00593,MOTOR - 3HP USA SWITCH 'FAN',460,0,0,0,0,WOFFORD,,
00594,NEW,0,0,0,0,0,UNKNOWN,9/25/2018,
00595,MUD ROLLER 9',4.5,2.88,0,0,0,IMPORT,9/25/2018,
00596,MURPHY WATER TEMP - 20T-250-50-1/2,75,0,0,0,0,JOHNSTONE,,
00597,MYSTIK JT-6 GREASE,4,0,0,0,0,UNKNOWN,,
00598,MYSTIK JT-6 GREASE (BOX),39,0,0,0,0,UNKNOWN,,
00599,MYSTIK OG-5 GREASE,2.5,0,0,0,0,UNKNOWN,,
00600,MYSTIK OG-5 GREASE (BOX),45,0,0,0,0,UNKNOWN,,
00601,MARINE LIGHT - ALL ROUND LIGHT,175,31.5,0,0,0,HI TECH PLASTIC, 2018-09-13,
00602,NEEDLE - LARGE,1.5,0.22,0,0,0,IMPORT,,
00603,NEEDLE - LONG,1,0.22,0,0,0,IMPORT,,
00604,NEEDLE - MEDIUM,1,0.22,0,0,0,IMPORT,,
00605,NEEDLE - SHORT,1,0.2,0,0,0,IMPORT,,
00606,NEOPRENE RUBBER STRIP,300,0,0,0,0,UNKNOWN,,
00607,NET DIP - 50FT,175,0,0,0,0,MANUFACTURE,,
00608,NET DIP - CORNER,18.5,0,0,0,0,MANUFACTURE,,
00609,NET DIP - COVER,13,0,0,0,0,MANUFACTURE,,
00610,NET DIP - DRUM,544.5,0,0,0,0,MANUFACTURE,,
00611,MOTOR - 15HP 1800RPM 254TC,852.5,682,0,0,0,WOFFORD,,
00612,NET DIP - FT,3.5,0,0,0,0,MANUFACTURE,,
00613,NET DIP - GAL,25,0,0,0,0,UNKNOWN,,
00614,NET DIP - SACK,50,0,0,0,0,MANUFACTURE,,
00615,NET DIP - TED,55,0,0,0,0,MANUFACTURE,,
00616,NET DIP - WHOLE,125,0,0,0,0,MANUFACTURE,,
00617,NET DIP W/ STEEL PAIL - 5 GAL,90,0,0,0,0,MANUFACTURE,,
00618,NET DIP W/ STEEL PAIL - GAL,20,0,0,0,0,MANUFACTURE,,
00619,NEW NET - 32' ,750,0,0,0,0,MANUFACTURE,,
00620,NEW NET - BROWN 55',1250,0,0,0,0,MANUFACTURE,,
00621,NEW NET - BROWN 60',1250,0,0,0,0,MANUFACTURE,,
00622,NEW NET - BROWN 65',1250,0,0,0,0,MANUFACTURE,,
00623,NEW NET - WHITE 55',1250,0,0,0,0,MANUFACTURE,,
00624,NEW NET - WHITE 60',1250,0,0,0,0,MANUFACTURE,,
00625,NEW NET - WHITE 65',1250,0,0,0,0,MANUFACTURE,,
00626,NU-CALGON RL-32-3MAF,105,0,0,0,0,UNKNOWN,,
00627,NUT - B1509B,22,0,0,0,0,UNKNOWN,,
00628,NUT SS - 1',4.5,0,0,0,0,UNKNOWN,,
00629,ROPE NYLON - 1-1/2' (SPOOL),1550,0,0,0,0,UNKNOWN,,
00630,O RING - A2916HH,50,0,0,0,0,UNKNOWN,,
00631,O RING - A2916LF,11,0,0,0,0,UNKNOWN,,
00632,COMPRESSOR - 4C2397PL-2NU,4100,0,0,0,0,UNKNOWN, 2018-09-09,
00633,STANDOFF GUIDE 9-8281,45,0,0,0,0,UNKNOWN,,
00634,OIL PAD BUNDLE,47,0,0,0,0,UNKNOWN,,
00635,OIL PRESSURE CONTROL,175,0,0,0,0,UNKNOWN,,
00636,OIL SEPARATOR,289,0,0,0,0,UNKNOWN,,
00637,OPEN CHAIN GEAR LUBRICANT,7.5,0,0,0,0,UNKNOWN,,
00638,PTO - OPERATING SHAFT (1144E),42,35.43,0,0,0,UNKNOWN,,
00639,ORIFICE - #1 ,11,0,0,0,0,UNKNOWN,,
00640,ORIFICE - #2,11,0,0,0,0,UNKNOWN,,
00641,ORIFICE - #3,11,0,0,0,0,UNKNOWN,,
00642,OVERSACK,110,0,0,0,0,MANUFACTURE,,
00642,OVERSACK,121,0,0,0,0,UNKNOWN,,
00644,PACK OF CABLE TIE,5,0,0,0,0,WHOLESALE,,
00645,PACKING ROPE - 1/2' (380082),128.99,77.39,0,0,0,DONOVAN,,
00646,PACKING ROPE - 3/4' (380117),128.99,77.39,0,0,0,DONOVAN,,
00647,PACKING ROPE - 5/16' (380066),128.99,77.39,0,0,0,DONOVAN,,
00648,PACKING ROPE - 5/8' (380106),128.99,77.39,0,0,0,DONOVAN,,
00649,PACKING ROPE - 7/8' (380129),128.99,77.39,0,0,0,DONOVAN,,
00650,PAINT - 3441 RED SEA HAWK,,0,0,0,0,BLP,,
00651,PAINT - 4002 LT BLUE SEA HAWK,,0,0,0,0,BLP,,
00652,PAINT - BAR RUST BUFF 41-BK-1A,55,0,0,0,0,BLP,,
00653,PAINT - BLACK 40-AX-7A,,0,0,0,0,BLP,,
00654,PAINT - BLACK 4502 BLUE WATER,,0,0,0,0,BLP,,
00655,PAINT - BLACK 513-11A,55,0,0,0,0,BLP,,
00656,PAINT - BLACK 520-13,,0,0,0,0,BLP,,
00657,PAINT - BLACK 72-AW,75,0,0,0,0,BLP,,
00658,PAINT - BLACK 72-AX-1A,,0,0,0,0,BLP,,
00659,PAINT - BLACK 801,,0,0,0,0,BLP,,
00660,PAINT - BOTTOM (7-2619),136.39,95.47,0,0,0,DONOVAN,,
00661,PAINT - BRIGHT RED 3014,,0,0,0,0,BLP,,
00662,PAINT - DARK BLUE 520,,0,0,0,0,BLP,,
00663,PAINT - DARK GREEN 3033,,0,0,0,0,BLP,,
00664,PAINT - DAWN GRAY 613-82A,,0,0,0,0,BLP,,
00665,PAINT - DECK OFF WHITE 41-BW-1 (2 GAL),150,0,0,0,0,BLP,,
00666,PAINT - GRAY 40-AH-50A,,0,0,0,0,BLP,,
00667,PAINT - GRAY 513,55,0,0,0,0,BLP,,
00668,PAINT - ZINC 40-CM-17A GREEN,85,0,0,0,0,UNKNOWN,,
00669,PAINT - HAZE GRAY 41-BH-3A,,0,0,0,0,BLP,,
00670,PAINT - JACK TAR MARINE GUARD 100,,0,0,0,0,BLP,,
00671,PAINT - MARINE BLACK BWC-3004 BLUE WATER,,0,0,0,0,BLP,,
00672,PAINT - MEDIUM GRAY 3009,,0,0,0,0,BLP,,
00673,PAINT - PRECAUTION BLUE 72-AG-1A,,0,0,0,0,BLP,,
00674,PAINT - RED 513,55,0,0,0,0,BLP,,
00675,PAINT - RED BOTTOM MARPRO SUPERKOTE,115,0,0,0,0,UNKNOWN,,
00676,PAINT - RED OXIDE 3012,,0,0,0,0,BLP,,
00677,PAINT - RED PRIMER 520,,0,0,0,0,BLP,,
00678,PAINT - RUS-KIL ,,0,0,0,0,BLP,,
00679,PAINT - SAFETY YELLOW 520,,0,0,0,0,BLP,,
00680,PAINT - SUPER BLUE 72-AL-27A,85,0,0,0,0,BLP,,
00681,PAINT - WHITE 13-AW-124,,0,0,0,0,BLP,,
00682,PAINT - WHITE 13-AW-149,,0,0,0,0,BLP,,
00683,PAINT - WHITE 41-BW-3A,,0,0,0,0,BLP,,
00684,PAINT - WHITE 41-BW-3A (2 GAL),,0,0,0,0,BLP,,
00685,PAINT - WHITE 513,55,0,0,0,0,BLP,,
00686,PAINT - WHITE 72-AW,75,0,0,0,0,BLP,,
00687,PAINT - WHITE GLOSS 3001 BLUE WATER,,0,0,0,0,BLP,,
00688,PAINT - WHITE PRIMER 7001 BLUE WATER,,0,0,0,0,BLP,,
00689,PAINT - WHITE TINT BASE 72-AW-3A,85,0,0,0,0,UNKNOWN,,
00690,CHAIN - LONG LINK 1/2',12,0,0,0,0,UNKNOWN,,
00691,PAINT BRUSH - 2',2,0,0,0,0,BLP,,
00692,PAINT BRUSH - 3',2.5,0,0,0,0,BLP,,
00693,PAINT BRUSH - 4',3,0,0,0,0,BLP,,
00694,PAINT ROLLER FOAM 4',1,0,0,0,0,BLP,,
00695,PAINT ROLLER FOAM 9',2.5,0,0,0,0,BLP,,
00696,PAINT ROLLER FRAME,1.5,0,0,0,0,BLP,,
00697,PAINT TRAY,5,0,0,0,0,WHOLESALE,,
00698,PAINT TRAY & ROLLER,8,0,0,0,0,WHOLESALE,,
00699,PELICAN HOOK GALV - 1/2',21,10,0,0,0,SAMCO,9/22/2018,
00700,PELICAN HOOK GALV - 5/8',25,12,0,0,0,SAMCO,,
00701,PERKO SPARE DOUBLE CONTACT SOCKET,,0,0,0,0,UNKNOWN,,
00702,PERKO STARBOARD SIDE LIGHT - GREEN,,0,0,0,0,UNKNOWN,,
00703,PERKO STARBOARD SIDE LIGHT - RED,,0,0,0,0,UNKNOWN,,
00704,PIPE - 304L 1 1/4 SCH 40,13.78,0,0,0,0,UNKNOWN,,
00705,PIPE 3/4' S80 304/L,,0,0,0,0,UNKNOWN,,
00706,PIPE ELBOW - 5/8,6,0,0,0,0,UNKNOWN,,
00707,PIPE ELBOW - 8',55,0,0,0,0,UNKNOWN,,
00708,PIPE FLEXIBLE - 2 1/2',89,0,0,0,0,UNKNOWN,,
00709,PIPE FLEXIBLE - 3',75,0,0,0,0,UNKNOWN,,
00710,PIPE GALV - 1/2',,0,0,0,0,UNKNOWN,,
00711,PIPE GALV - 2' (FT),5,0,0,0,0,UNKNOWN,,
00712,PIPE SS - 1' S80 304/L,,0,0,0,0,UNKNOWN,,
00713,PIPE SS - 1' SCH10,7,0,0,0,0,UNKNOWN,,
00714,PIPE SS - 1/2',5,0,0,0,0,UNKNOWN,,
00715,PIPE SS - 1-1/2' (WHOLE BY FT),10,0,0,0,0,UNKNOWN,,
00716,PIPE SS - 1-1/4' (FT),20,0,0,0,0,UNKNOWN,,
00717,PIPE SS - 2',15,0,0,0,0,UNKNOWN,,
00718,PIPE SS - 3/4',8,0,0,0,0,UNKNOWN,,
00719,PIPE SS - 3/4' (WHOLE),140,0,0,0,0,UNKNOWN,,
00720,PIPE SS - 3/4' SCH40 (FT),8,0,0,0,0,UNKNOWN,,
00721,PIPE SS - 4',35,0,0,0,0,UNKNOWN,,
00722,PIPE SS - 5' SCH10 (FT),55,0,0,0,0,UNKNOWN,,
00723,PIPE SS - 5'X20' SCH10,1000,0,0,0,0,UNKNOWN,,
00724,PIPE SS - 6' SCH80,66.66,0,0,0,0,UNKNOWN,,
00725,PIPE SS - 6'x20' SCH40,1000,0,0,0,0,UNKNOWN,,
00726,PIPE SS - 6'x21' SCH80,1400,0,0,0,0,UNKNOWN,,
00727,PIPE SS - 8' SCH40 (FT),32,0,0,0,0,UNKNOWN,,
00728,PIVOT 30 SERIES,11,0,0,0,0,UNKNOWN,,
00729,PIVOT 40 SERIES,12,0,0,0,0,UNKNOWN,,
00730,PLASTI TERMERCOAL,5,0,0,0,0,UNKNOWN,,
00731,PLASTIC FLOAT 8',14,0,0,0,0,IMPORT,,
00732,PLASTIC PAIL BUCKET (6 GAL),12,6.45,0,0,0,UNKNOWN,,
00733,PLATE - SS 1/2X6,10,0,0,0,0,REGIONAL STEEL,,
00734,PLATE 1/4 - 4 X 12,8.7,0,0,0,0,REGIONAL STEEL,,
00735,PLATE SS - 12'X2'X1/4',100,0,0,0,0,REGIONAL STEEL,,
00736,PLATE SS - 5X10X1/4,1150,0,0,0,0,REGIONAL STEEL,,
00737,PLIER,15,0,0,0,0,WHOLESALE,,
00738,PLIER - 10',13,0,0,0,0,WHOLESALE,,
00739,PLIER - 6',7,0,0,0,0,WHOLESALE,,
00740,PLIER - 8' SLIP JOINT,11,0,0,0,0,WHOLESALE,,
00741,PLIER - LOCKING,21,0,0,0,0,UNKNOWN,,
00742,POWER SUPPLY - ASTRON RS70A,450,0,0,0,0,AMAZON,,
00743,PROTEK HD - 1 GAL,25,0,0,0,0,UNKNOWN,,
00744,PROTEK HD - 5 GAL,120,0,0,0,0,UNKNOWN,,
00745,PTO - 3507,75,0,0,0,0,UNKNOWN,,
00746,PTO - ALUMINUM SUPPORT TUBE (649447),28,18.71,0,0,0,DONOVAN,,
00747,PTO - CABLE 30' (494120),471.64,377.57,0,0,0,DONOVAN,,
00748,PTO - CABLE CLAMP ASSEMBLY (649371),85,14.25,0,0,0,IMPORT,,
00749,PTO - CLUTCH PLATE,78,35,0,0,0,SEWART,,
00750,PTO - CLUTCH SP211C001,780,569.75,0,0,0,SEWART,,
00751,FILTER AIR - ROLL 130',165,0,0,0,0,GRAINGER,,
00752,PTO - DRIVE RING (6931),235,188.73,0,0,0,SEWART,,
00753,PTO - HOSE,42,0,0,0,0,UNKNOWN,,
00754,PTO - LEVER - LONG (X7441T),65,55.08,0,0,0,SEWART,,
00755,PTO - LOCK WASHER (02007240),7,4.69,0,0,0,SEWART,,
00756,PTO - PLATE,78,0,0,0,0,UNKNOWN,,
00757,PTO - WASHER,21,0,0,0,0,UNKNOWN,,
00758,PTO - NUT 2-1/2' (B1509B),27,18.33,0,0,0,SEWART,,
00759,PULLEY - 1B34SH - 1.3/4',37,0,0,0,0,UNKNOWN,,
00760,PULLEY - 1B110SDS - 12',42,0,0,0,0,UNKNOWN,,
00761,PULLEY 3',32,0,0,0,0,UNKNOWN,,
00762,PUMP - 1/3HP ZOELLER W/ PIGGYBACK FLOAT SWITCH [BN53],190,159,0,0,0,WOFFORD, 2018-09-13,
00763,PUMP - 1/3HP ZOELLER WITH FLOAT SWITCH (M53),185,144,0,0,0,WOFFORD, 2018-09-13,
00764,PUMP - 3/4HP FRESH H20,250,0,0,0,0,UNKNOWN,,
00765,PUMP - SUBMERSIBLE,185,0,0,0,0,UNKNOWN,,
00766,PUMP WASHER SS -5',65,0,0,0,0,UNKNOWN,,
00767,PUSH STICK - ALUMINUM LONG ,42,18.5,0,0,0,HI TECH,,
00768,PUSH STICK - ALUMINUM SHORT,42,18.5,0,0,0,HI TECH,,
00769,PUSH STICK - WOODEN,25,16.44,0,0,0,IMPORT,,
00770,PVC - 90 DEGREE ELL - 5/8',6.5,0,0,0,0,UNKNOWN,,
00771,QUICKLINK GALV - 1/2',5,0,1,0,0,UNKNOWN,,
00772,QUICKLINK SS - 1/2',12,0,0,0,0,SAMCO,,
00773,QUICKLINK SS - 1/4',5,0,0,0,0,SAMCO,,
00774,QUICKLINK SS - 3/8',7,0,0,0,0,SAMCO,,
00775,QUICKLINK SS - 5/8',15,0,0,0,0,SAMCO,,
00776,QUICKLINK SS - 7/16',9,0,0,0,0,SAMCO,,
00777,QUICKLINK SS - 9/16',14,0,0,0,0,SAMCO,,
00778,RAG - BOX,25,0,0,0,0,UNKNOWN,,
00779,REFLECTIVE TAPE (BY FT),2.51,0,0,0,0,UNKNOWN,,
00780,REFRIGERANT BALL VALVE - 3/4',66,0,1,0,0,UNKNOWN,,
00781,REFRIGERANT BALL VALVE - 3/8',46,0,0,0,0,JOHNSTONE,,
00782,REFRIGERANT BALL VALVE - 5/8',56,0,0,0,0,JOHNSTONE,,
00783,REFRIGERANT HOSE - 24',42,0,0,0,0,JOHNSTONE,,
00784,REFRIGERANT HOSE - 36',48,0,0,0,0,JOHNSTONE,,
00785,REFRIGERANT HOSE - 48',56,0,0,0,0,JOHNSTONE,,
00786,REFRIGERATION OIL - 200TD,60,0,0,0,0,JOHNSTONE,,
00787,CHAIN GEAR 80 COTTERED (FT),7.5,0,0,0,0,UNKNOWN,,
00788,REFRIGERATION OIL - C-3S,37,0,0,0,0,JOHNSTONE,,
00789,REFRIGERATION OIL - ISO-32,105,0,0,0,0,JOHNSTONE,,
00790,REINFORCED BLUE HOSE - 7',150,0,0,0,0,UNKNOWN,,
00791,REINFORCED BLUE HOSE - 8',160,0,0,0,0,UNKNOWN,,
00792,RESPIRATOR,9,0,0,0,0,WHOLESALE,,
00793,REVOLVING LIGHT - RED,28,0,0,0,0,WHOLESALE,,
00794,RING GALV - 1/4',0.5,0,0,0,0,UNKNOWN,,
00795,C CLAMP - 4',8,0,0,0,0,UNKNOWN,,
00796,KNIFE - BUTCHER,9.5,0,0,0,0,UNKNOWN,,
00797,BLOCK SS - #25,20,0,0,0,0,SAMCO,,
00798,BLOCK SS - #50,45,0,0,0,0,SAMCO,,
00799,BLOCK SS - #100,75,0,0,0,0,SAMCO,,
00800,KEYWAY - 3/4',27,0,0,0,0,UNKNOWN,,
00801,RING BUOY DATREX 24',109.98,0,0,0,0,UNKNOWN,,
00802,RING BUOY DATREX 30',129.98,0,0,0,0,UNKNOWN,,
00803,RING GALV - 1/2',3.5,0,0,0,0,UNKNOWN,,
00804,RING GALV - 5/8',4.5,2.85,0,0,0,SAMCO,,
00805,RING SS - 1/2',15,0,0,0,0,UNKNOWN,,
00806,RING SS - 1/4',2,0.6,0,0,0,SAMCO,,
00807,RING SS - 5/8',17,8,0,0,0,SAMCO,,
00808,RIVET,0.5,0,0,0,0,UNKNOWN,,
00809,ROD SS - 1',12,0,0,0,0,REGIONAL STEEL,,
00810,ROD SS - 12'X1/2',55,0,0,0,0,REGIONAL STEEL,,
00811,ROD SS - 12'X5/8',85,0,0,0,0,REGIONAL STEEL,,
00812,ROD SS - 3/4',10,0,0,0,0,REGIONAL STEEL,,
00813,ROD SS - 3/8',6,0,0,0,0,REGIONAL STEEL,,
00814,ROLLER - B94SDS,74,0,0,0,0,UNKNOWN,,
00815,ROLLER CHAIN DOUBLE #100 IMPORT (FT),25,0,0,0,0,MOTION,,
00816,ROLLER CHAIN DOUBLE #100 USA (FT),820,0,0,0,0,MOTION,,
00817,ROLLER CHAIN DOUBLE #60 IMPORT (FT),36,0,0,0,0,MOTION,,
00818,ROLLER CHAIN DOUBLE #60 USA (FT),26,0,0,0,0,MOTION,,
00819,ROLLER CHAIN DOUBLE 6018 (FT),56,0,0,0,0,MOTION,,
00820,ROLLER CHAIN SINGLE #100 COT USA (FT) [TSUBAKI-DIAMOND],36.85,30.71,0,0,0,MOTION,,
00821,ROLLER CHAIN SINGLE #100 RIV USA (FT) [TSUBAKI-DIAMOND],33.85,28.21,0,0,0,MOTION,,
00822,STABILIZER (MEDIUM),550,0,0,0,0,IMPORT, 2018-09-13,
00823,ROLLER PUMP - 2.1/2',170,0,0,0,0,UNKNOWN,,
00824,STABILIZER (SMALL),450,0,0,0,0,IMPORT, 2018-09-13,
00825,ROPE WHITE MFP #12 (500' REEL),88,48,0,0,0,TYTAN,,
00826,ROPE BRAIDED #4 (1000' REEL),38,15.95,0,0,0,TYTAN,,
00827,MOTOR - 20HP 1800RPM 254TC,986.25,789,0,0,0,WOFFORD,,
00828,ROPE BRAIDED #6 - 1/2' (1000' REEL),68,28.95,0,0,0,TYTAN,,
00829,ROPE DANLINE - 5/16' (SPOOL),54,0,0,0,0,TYTAN,,
00830,PIPE SS - 3' (FT),8,0,1,0,0,UNKNOWN,,
00831,ROPE DOUBLE BRAIDED - 5/16' (SPOOL),85,0,1,0,0,UNKNOWN,,
00832,ROPE DOUBLE BRAIDED - 3/8',95,0,0,0,0,UNKNOWN,,
00833,ROPE DOUBLE BRAIDED - #5 (1000' REEL),68,23.1,0,0,0,TYTAN,,
00834,ROPE DOUBLE BRAIDED - 1/4' #8 (1000' REEL),86,49.35,0,0,0,TYTAN,,
00835,SILICONE HOSE BLUE-RED - 2.5',85,0,0,0,0,UNKNOWN,,
00836,ROPE DOUBLE BRAIDED - #16 - 1/2' (SPOOL),175,0,0,0,0,UNKNOWN,,
00837,ROPE WHITE MFP - 5/16' #10 (500' REEL),55,25.55,0,0,0,UNKNOWN,,
00838,ROPE DOUBLE BRAIDED - 5/32' #5 (SPOOL),68,0,0,0,0,UNKNOWN,,
00839,ROPE SUPERDAC - 1-1/8' (SPOOL),0,0,0,0,0,TYTAN,,
00840,HOSE CLAMP - 2-1/2',2.8,0,0,0,0,UNKNOWN,,
00841,SILICONE HOSE BLUE-RED - 2',75,0,0,0,0,UNKNOWN,,
00842,ROPE DOUBLE BRAIDED - 3/16' (SPOOL),68,0,0,0,0,TYTAN,,
00843,ROPE BLUE TRACER COMBO - 1/2' (SPOOL),88,0,0,0,0,TYTAN,,
00844,ROPE BLUE TRACER COMBO - 3/8' (SPOOL),54,0,0,0,0,TYTAN,,
00845,ROPE BLUE TRACER COMBO - 7/16' (SPOOL),67,0,0,0,0,TYTAN,,
00846,ROPE NYLON - 1-1/2' (900' REEL),1100,995.77,0,0,0,TYTAN,,
00847,ROPE NYLON - 1-1/4' (SPOOL),720,0,0,0,0,UNKNOWN,,
00848,ROPE NYLON - 1-3/4' (600' REEL),1450,912.06,0,0,0,TYTAN,,
00849,ROPE NYLON - 1-5/8' (600' REEL),1260,831.3,0,0,0,TYTAN,,
00850,ROPE NYLON - 2' (600' REEL),1700,1250.6,0,0,0,TYTAN,,
00851,ROPE NYLON - 2-1/4' (SPOOL),2120,0,0,0,0,TYTAN,,
00852,ROPE POLYDAC - 1',1,0,0,0,0,TYTAN,,
00853,ROPE POLYDAC - 1' (SPOOL),375,0,0,0,0,TYTAN,,
00854,ROPE POLYDAC - 1.1/2',1.5,0,0,0,0,TYTAN,,
00855,ROPE POLYDAC - 1.1/2' (SPOOL),650,0,0,0,0,TYTAN,,
00856,ROPE POLYDAC - 1.1/4',1.2,0,0,0,0,TYTAN,,
00857,ROPE POLYDAC - 1.1/4' (SPOOL),580,0,0,0,0,TYTAN,,
00858,ROPE POLYDAC - 1.1/8',1.2,0,0,0,0,TYTAN,,
00859,ROPE POLYDAC - 1.1/8' (SPOOL),460,0,0,0,0,TYTAN,,
00860,ROPE POLYDAC - 1.5/8',1.5,0,0,0,0,TYTAN,,
00861,ROPE POLYDAC - 1.5/8' (SPOOL),765,0,0,0,0,TYTAN,,
00862,ROPE POLYDAC - 1/2',0.3,0,0,0,0,TYTAN,,
00863,ROPE POLYDAC - 1/2' (SPOOL),125,0,0,0,0,TYTAN,,
00864,ROPE POLYDAC - 1/4',0.1,0,0,0,0,TYTAN,,
00865,ROPE POLYDAC - 1/4' (SPOOL),45,0,0,0,0,TYTAN,,
00866,ROPE POLYDAC - 3/4',0.7,0,0,0,0,TYTAN,,
00867,ROPE POLYDAC - 3/4' (SPOOL),275,0,0,0,0,TYTAN,,
00868,ROPE POLYDAC - 3/8',0.2,0,0,0,0,TYTAN,,
00869,ROPE POLYDAC - 3/8' (SPOOL),79,0,0,0,0,TYTAN,,
00870,ROPE POLYDAC - 5/16',0.15,0,0,0,0,TYTAN,,
00871,ROPE POLYDAC - 5/16' (SPOOL),54,0,0,0,0,TYTAN,,
00872,ROPE POLYDAC - 5/8',0.45,0,0,0,0,TYTAN,,
00873,ROPE POLYDAC - 5/8' (SPOOL),188,0,0,0,0,TYTAN,,
00874,ROPE POLYDAC - 7/16',0.25,0,0,0,0,TYTAN,,
00875,ROPE POLYDAC - 7/16' (SPOOL),103,0,0,0,0,TYTAN,,
00876,ROPE POLYDAC - 7/8',0.9,0,0,0,0,TYTAN,,
00877,ROPE POLYDAC - 7/8' (SPOOL),299,0,0,0,0,TYTAN,,
00878,ROPE POLYPRO - 1',0.65,0,0,0,0,TYTAN,,
00879,ROPE POLYPRO - 1' (SPOOL),225,0,0,0,0,TYTAN,,
00880,ROPE POLYPRO - 1.1/8' (SPOOL),225,0,0,0,0,TYTAN,,
00881,ROPE POLYPRO - 1/2',0.25,0,0,0,0,TYTAN,,
00882,ROPE POLYPRO - 1/2' (SPOOL),59,0,0,0,0,TYTAN,,
00883,ROPE POLYPRO - 1-1/8',0.7,0,0,0,0,TYTAN,,
00884,ROPE POLYPRO - 2' (SPOOL),650,0,0,0,0,TYTAN,,
00885,ROPE POLYPRO - 3/4',0.4,0,0,0,0,TYTAN,,
00886,ROPE POLYPRO - 3/4' (SPOOL),127,0,0,0,0,TYTAN,,
00887,ROPE POLYPRO - 3/8',0.11,0,0,0,0,TYTAN,,
00888,ROPE POLYPRO - 3/8' (SPOOL),45,0,0,0,0,TYTAN,,
00889,ROPE POLYPRO - 5/16' (SPOOL),25,0,0,0,0,TYTAN,,
00890,ROPE POLYPRO - 5/8',0.3,0,0,0,0,TYTAN,,
00891,ROPE POLYPRO - 5/8' (SPOOL),89,0,0,0,0,TYTAN,,
00892,ROPE POLYPRO - 7/16' (SPOOL),49,0,0,0,0,TYTAN,,
00893,ROPE POLYPRO - 7/8',0.5,0,0,0,0,TYTAN,,
00894,ROPE POLYPRO - 7/8' (600' REEL),195,119.85,0,0,0,TYTAN,,
00895,ROPE POLYPRO - 1-1/4' (SPOOL),265,0,0,0,0,TYTAN,,
00896,ROPE POLYPRO BLUE-BLACK - 1',225,0,0,0,0,TYTAN,,
00897,ROPE POLYPRO YELLOW-BLACK - 1',205,0,0,0,0,TYTAN,,
00898,RUBBER BOOTS,30,17.75,0,0,1,HERITAGE,,
00899,RULE PUMP - 2000,120,0,0,0,0,UNKNOWN,,
00900,RULE-A-MATIC FLOAT SWITCH,35,0,0,0,0,UNKNOWN,,
00901,RUST DISSOLVE (GAL),17,0,0,0,0,UNKNOWN,,
00902,S HOOK - GALV,6.5,0,0,0,0,SAMCO,,
00903,SAPPHIRE WEBBING #48 1.3/4',8,0,0,0,0,TYTAN,,
00904,SAW BLADE STEEL - 14',8,0,0,0,0,WHOLESALE,,
00905,SCALE - COMPUTING 60LBS,189,0,0,0,0,UNKNOWN,,
00906,SCALE - KITCHEN 11LBS,25,0,0,0,0,UNKNOWN,,
00907,SCALE - SPRING 110LBS,25,0,0,0,0,UNKNOWN,,
00908,SCREW BAR - SS 1/2X3,48,0,0,0,0,UNKNOWN,,
00909,SCREW LONG - 3/8X6',1,0,0,0,0,UNKNOWN,,
00910,SCREWDRIVER 2PC,10,0,0,0,0,WHOLESALE,,
00911,SCREWDRIVER 7PC,12.5,0,0,0,0,WHOLESALE,,
00912,SCREWDRIVER BAR SET 3PC,21,0,0,0,0,WHOLESALE,,
00913,SEAL - MA440,190,0,0,0,0,UNKNOWN,,
00914,SEAL CAP WITH CORE REMOVER,3,0,0,0,0,UNKNOWN,,
00915,SEAL PUMP - 17028,45,0,0,0,0,UNKNOWN,,
00916,SEAL PUMP - 18025,45,0,0,0,0,UNKNOWN,,
00917,Services,,0,0,0,0,MANUFACTURE,,
00918,SH1.1/8 BUSHING,27,0,0,0,0,IMPORT,,
00919,SHACKLE - GREEN HEAVY DUTY 1',25,0,500,0,0,UNKNOWN,,
00920,SHACKLE COMM - 1/2',1.5,0,0,0,0,SAMCO,,
00921,SHACKLE COMM - 1/4',0.55,0,0,0,0,SAMCO,,
00922,SHACKLE COMM - 3/16',0.5,0,0,0,0,SAMCO,,
00923,SHACKLE COMM - 3/4',4,0,0,0,0,SAMCO,,
00924,SHACKLE COMM - 3/8',0.75,0,0,0,0,SAMCO,,
00925,SHACKLE COMM - 5/16',0.6,0,0,0,0,SAMCO,,
00926,SHACKLE COMM - 5/8',2.5,0,0,0,0,SAMCO,,
00927,SHACKLE COMM - 7/16',1.2,0,0,0,0,SAMCO,,
00928,SHACKLE COMM - 7/8',6,0,0,0,0,SAMCO,,
00929,SHACKLE LR - 1',22,7.75,0,0,0,SAMCO, 2018-09-13,
00930,SHACKLE LR - 1.1/2',45,29,0,0,0,SAMCO,,
00931,SHACKLE LR - 1.1/4',32,0,1000,0,0,SAMCO,,
00932,SHACKLE LR - 1.1/8',28,12,0,0,0,SAMCO, 2018-09-13,
00933,SHACKLE LR - 1.3/8',36,24,1000,0,0,SAMCO,,
00934,SHACKLE LR - 1/2',3.5,2.05,0,0,0,UNKNOWN,,
00935,SHACKLE LR - 1/4',1,0,1000,0,0,SAMCO,,
00936,SHACKLE LR - 1-3/4',65,50,0,0,0,SAMCO,,
00937,SHACKLE LR - 3/16',1,0,64,0,0,UNKNOWN,,
00938,SHACKLE LR - 3/4',14,3.25,1000,0,0,UNKNOWN,9/25/2018,
00939,SHACKLE LR - 3/8',1.5,1.3,0,0,0,SAMCO,,
00940,SHACKLE LR - 5/16',1.2,0.8,1000,0,0,SAMCO,,
00941,SHACKLE LR - 5/8',8,4.75,1000,0,0,SAMCO,9/22/2018,
00942,SHACKLE LR - 7/16',2.2,1.55,0,0,0,SAMCO,,
00943,SHACKLE LR - 7/8',16,5,0,0,0,SAMCO, 2018-09-13,
00944,SHACKLE SS - 1',48,28,0,0,0,SAMCO, 2018-09-13,
00945,SHACKLE SS - 1/2',7,4.75,1000,0,0,SAMCO, 2018-09-13,
00946,SHACKLE SS - 1/4',3,1.25,1000,0,0,SAMCO,9/22/2018,
00947,SHACKLE SS - 3/16',2,0,1000,0,0,SAMCO,,
00948,SHACKLE SS - 3/4',28,16,0,0,0,SAMCO,9/22/2018,
00949,SHACKLE SS - 3/8',7,1.9,1000,0,0,SAMCO,,
00950,SHACKLE SS - 5/16',4,1.5,1000,0,0,SAMCO,9/22/2018,
00951,SHACKLE SS - 5/8',18,8,0,0,0,SAMCO,9/22/2018,
00952,SHACKLE SS - 7/16',8,4,1000,0,0,SAMCO, 2018-09-13,
00953,SHACKLE SS - 7/8',38,17,0,0,0,SAMCO, 2018-09-13,
00954,SHACKLE SS - 9/16',14,5.95,1000,0,0,SAMCO,,
00955,SHAFT SS - 2.1/2' (FT),3.5,0,0,0,0,UNKNOWN,,
00956,SHARPENING STONE,3.5,0,0,0,0,WHOLESALE,,
00957,SHARPIE,2,0,0,0,0,WHOLESALE,,
00958,SHOVEL - FIBERGLASS 48',,0,0,0,0,JOHNSON FIBERGLASS,,
00959,SHOVEL - ICE,35,22.5,0,0,0,HI TECH PLASTIC, 2018-09-13,
00960,SHOVEL - ICE BREAKER,39,0,0,0,0,IMPORT,,
00961,SHRIMP HOOK,12,0,0,0,0,IMPORT,,
00962,SHRIMP SACK,0.32,0,0,350000,0,IMPORT,9/24/2018,
00963,SIGN CAUTION,10,0,0,0,0,UNKNOWN,,
00964,SILICONE 5200,25,4.02,0,0,0,COMMODORE,,
00965,SILICONE HOSE BLUE-RED -  3',90,0,0,0,0,UNKNOWN,,
00966,SILICONE HOSE BLUE-RED -  3.5',100,0,0,0,0,UNKNOWN,,
00967,SILICONE HOSE BLUE-RED -  4',110,0,0,0,0,UNKNOWN,,
00968,SILICONE HOSE BLUE-RED -  4.5',120,0,0,0,0,UNKNOWN,,
00969,SILICONE HOSE BLUE-RED -  5',130,0,0,0,0,UNKNOWN,,
00970,SILICONE HOSE BLUE-RED -  5.5',140,0,0,0,0,UNKNOWN,,
00971,SILICONE HOSE BLUE-RED -  6',160,0,0,0,0,UNKNOWN,,
00972,SL SLV ASSY,205,0,0,0,0,UNKNOWN,,
00973,SLICKER BIB PANT - HEAVY DUTY,79,54.75,0,10,1,HERITAGE,,
00974,SLICKER BIB PANT - LIGHTWEIGHT,37,23.7,0,10,1,HERITAGE,,
00975,SLICKER COAT JACKET - HEAVY DUTY,79,54.75,0,10,1,HERITAGE,,
00976,SLICKER COAT JACKET - LIGHTWEIGHT,37,23.7,0,10,1,HERITAGE,,
00977,SNAP HOOK GALV - 7/8',28,0,0,0,0,UNKNOWN,,
00978,SNAP HOOK GALV - 1.1/4',58,0,0,0,0,SAMCO,,
00979,SNAP HOOK SS - 1/2',12,0,0,0,0,SAMCO,,
00980,SNAP HOOK SS - 3/16',1.5,0,0,0,0,SAMCO,,
00981,SNAP HOOK SS - 3/8',7,2.75,0,0,0,SAMCO,,
00982,SNAP HOOK SS - 7/16',9,0,0,0,0,SAMCO,,
00983,SNAP HOOK SS - 9/16',14,0,0,0,0,SAMCO,,
00984,SOCKET HANDLE RATCHET - 3/8',13,0,0,0,0,WHOLESALE,,
00985,SOCKET SET - 1/2',16,0,0,0,0,WHOLESALE,,
00986,SOCKET SET - 3/8',15,0,0,0,0,WHOLESALE,,
00987,SODIUM,69,0,100,0,0,UNKNOWN,,
00988,SOLENOID COIL KIT,37,0,0,0,0,UNKNOWN,,
00989,SOLENOID VALVE 5/8',165,0,0,0,0,UNKNOWN,,
00990,SOLID BRAIDED ROPE 3/8',75,0,0,0,0,UNKNOWN,,
00991,SPLIT LEADS 2OZ 3/8',4.5,0,0,0,0,UNKNOWN,,
00992,SPLIT LEADS 3OZ 7/16',4.5,0,0,0,0,UNKNOWN,,
00993,SPLIT LEADS 4OZ 1/2',4.5,0,0,0,0,UNKNOWN,,
00994,SPLIT LEADS 5OZ 9/16',4.5,0,0,0,0,UNKNOWN,,
00995,SPRAYER 2 GAL,20,0,0,0,0,WHOLESALE,,
00996,SPROCKET - 2-1/4',58,0,0,0,0,UNKNOWN,,
00997,SPROCKET MARTIN - 2-1/4',145,0,0,0,0,MOTION,,
00998,SPROCKET TEETH 15-SFX2-7/16',190,0,0,0,0,MOTION,,
00999,SPROCKET TEETH 2.1/4X18,125,0,0,0,0,MOTION,,
01000,SPROCKET - SINGLE 45 TEETH #100,281.32,216.4,0,0,0,MOTION,,
01001,SPROCKET - SINGLE 15 TEETH #100,150,0,0,0,0,MOTION,,
01002,STABILIZER (LARGE),750,0,0,0,0,IMPORT, 2018-09-13,
01003,STANDARD GREASE GUN,30,0,0,0,0,WHOLESALE,,
01004,STEEL - 1/2 X 6 (FT),10,0,0,0,0,REGIONAL STEEL,,
01005,STEEL - 1/8' X 6 X 12,12,0,0,0,0,REGIONAL STEEL,,
01006,STEEL - 1X6,20,0,0,0,0,REGIONAL STEEL,,
01007,STEEL - 1X8,20,0,0,0,0,REGIONAL STEEL,,
01008,STEEL HOSE CLAMP - 26-76MM,2.5,0,0,0,0,UNKNOWN,,
01009,STEEL HOSE CLAMP - 76-127MM,3,0,0,0,0,UNKNOWN,,
01010,STEEL HOSE CLAMP - 78-101MM,2.75,0,0,0,0,UNKNOWN,,
01011,STEEL SS - 1-1/2 X 1/4,10,0,0,0,0,REGIONAL STEEL,,
01012,STEEL WASHER - 1/4' (LARGE),10,0,0,0,0,IMPORT,,
01013,STEEL WASHER - 1/4' (SMALL),12,0,0,0,0,IMPORT,,
01014,STOOL,28,0,0,0,0,UNKNOWN,,
01015,STRAIGHT FITTING 3/4' - HYDRAULIC,20,0,0,0,0,UNKNOWN,,
01016,SUNISO REFRIGERATION OIL - R22,36,0,0,0,0,UNKNOWN,,
01017,SUPPLY CABLE SS,15,0,0,0,0,UNKNOWN,,
01018,SWIVEL GALV - 1',24,19,0,0,0,SAMCO, 2018-09-13,
01019,SWIVEL GALV - 1/2',8,0,0,0,0,SAMCO,,
01020,SWIVEL GALV - 1/4',1.5,0,0,0,0,SAMCO,,
01021,SWIVEL GALV - 3/4',14,0,0,0,0,SAMCO,,
01022,SWIVEL GALV - 3/8',4,1.3,0,0,0,SAMCO, 2018-09-13,
01023,SWIVEL GALV - 5/16',2.5,0,0,0,0,SAMCO,,
01024,SWIVEL GALV - 5/8',10,4.25,0,0,0,SAMCO, 2018-09-13,
01025,SWIVEL GALV - 7/16',5.5,0,0,0,0,SAMCO,,
01026,SWIVEL GALV - 7/8',21,13,0,0,0,SAMCO, 2018-09-13,
01027,SWIVEL SS - 3/4',32,0,0,0,0,SAMCO,,
01028,SWIVEL SS - 1',56,0,0,0,0,SAMCO,,
01029,SWIVEL SS - 1/2',16,12,0,0,0,SAMCO,9/22/2018,
01030,SWIVEL SS - 1/4',5,0,0,0,0,SAMCO,,
01031,SWIVEL SS - 3/8',9,0,0,0,0,SAMCO,,
01032,SWIVEL SS - 5/16',7,3,0,0,0,SAMCO,9/22/2018,
01033,SWIVEL SS - 5/8',21,0,0,0,0,SAMCO,,
01034,SWIVEL SS - 7/16',12,0,0,0,0,SAMCO,,
01035,SWIVEL SS - 7/8',48,0,0,0,0,SAMCO,,
01036,T VALVE,210,0,0,0,0,JOHNSTONE,,
01037,COUPLING - DODGE - 8S X 1-5/8 D -FLEX FLANGE,80,36.16,0,0,0,MOTION, 2018-09-14,
01038,COUPLING - DODGE 8S X 42MM SURE FLEX FLANGE,80,38.67,0,0,0,MOTION, 2018-09-14,
01039,COUPLING - TBWOOD - 8JE D-FLEX SLEEVE,60,30.73,0,0,0,MOTION, 2018-09-14,
01040,TEAR DROP ZINC,23,0,0,0,0,UNKNOWN,,
01041,TED - ALUMINUM,165,79,0,0,0,IMPORT,,
01042,TED & BRAIDED WEBBING,350,0,0,0,0,MANUFACTURE,,
01043,TED & BRAIDED WEBBING W/ RING,375,0,0,0,0,MANUFACTURE,,
01044,TED + NYLON WEBBING,350,0,0,0,0,MANUFACTURE,,
01045,TEFLON WHITE TAPE,1,0,0,0,0,UNKNOWN,,
01046,TELEFLEX - TWIN CONTROL CH5200P,250,192.29,0,0,0,DONOVAN,,
01047,TEMPERATURE CONTROL A19.ABC-2MC,165,0,0,0,0,JOHNSTONE,,
01048,TEMPERATURE GAUGE,145,0,0,0,0,JOHNSTONE,,
01049,THERMOSTATIC EXPANSION VALVE - SPORLAN,105,0,0,0,0,JOHNSTONE,,
01050,THIMBLE GALV - 1',8,0,0,0,0,SAMCO,,
01051,THIMBLE GALV - 1/2',1.3,0.65,0,0,0,SAMCO, 2018-09-13,
01052,THIMBLE GALV - 1-1/2',,0,0,0,0,SAMCO,,
01053,THIMBLE GALV - 1-1/4',6.5,0,0,0,0,SAMCO,,
01054,THIMBLE GALV - 3/4',6,0,0,0,0,SAMCO,,
01055,THIMBLE GALV - 3/8',0.75,0,0,0,0,SAMCO,,
01056,THIMBLE GALV - 5/8',2.5,0,0,0,0,SAMCO,,
01057,THIMBLE GALV - 7/16',1,0,0,0,0,SAMCO,,
01058,THIMBLE GALV - 7/8',7,0,0,0,0,SAMCO,,
01059,THIMBLE GALV - 9/16',1.5,0.65,0,0,0,SAMCO,,
01060,THIMBLE SS - 1',19.95,15,0,0,0,SAMCO,,
01061,THIMBLE SS - 1/2',7,3.5,0,0,0,SAMCO, 2018-09-13,
01062,THIMBLE SS - 1/4',2,0,0,0,0,SAMCO,,
01063,THIMBLE SS - 1-1/4',,0,0,0,0,SAMCO,,
01064,THIMBLE SS - 3/4',16,8,0,0,0,SAMCO, 2018-09-13,
01065,THIMBLE SS - 3/8',4,1.8,0,0,0,SAMCO, 2018-09-13,
01066,THIMBLE SS - 5/16',3,0.8,0,0,0,SAMCO, 2018-09-13,
01067,THIMBLE SS - 5/8',12,6,0,0,0,SAMCO, 2018-09-13,
01068,THIMBLE SS - 7/16',6,0,0,0,0,SAMCO,,
01069,THIMBLE SS - 7/8',26,15.75,0,0,0,SAMCO, 2018-09-13,
01070,THIMBLE SS - 9/16',8,4,0,0,0,SAMCO, 2018-09-13,
01071,TOILET,250,0,0,0,0,UNKNOWN,,
01072,TRAWL DOOR EARS SS,35,0,0,0,0,UNKNOWN,,
01073,TRIANGLE RULER STEEL,15,0,0,0,0,WHOLESALE,,
01074,TROUBLE LIGHT 25',15,0,0,0,0,UNKNOWN,,
01075,TRYNET,250,0,0,0,0,UNKNOWN,,
01076,TRYNET DOOR - FIBERGLASS,400,0,0,0,0,UNKNOWN,,
01077,TRYNET HOOK,35,15,0,0,0,SSC,,
01078,TRYNET DOOR - WOODEN 16X30,205,0,0,0,0,HI TECH PLASTIC,9/20/2018,
01079,TRYNET DOOR - WOODEN 18X33,235,133.4,0,0,0,HI TECH PLASTIC,9/20/2018,
01080,TRYNET DOOR - PLASTIC 16x30,400,193,0,0,0,HI TECH PLASTIC, 2018-09-13,
01081,TRYNET DOOR - PLASTIC 18x33,450,207,0,0,0,HI TECH PLASTIC, 2018-09-13,
01082,TRYNET DOOR - STEEL,80,0,0,0,0,UNKNOWN,,
01083,TRYNET SPRING,69,0,0,0,0,IMPORT,9/20/2018,
01084,TS2 R404A,,0,0,0,0,UNKNOWN,,
01085,TURBO BACKING PADS,7,0,0,0,0,UNKNOWN,,
01086,TURNBUCKLE GALV - J&J 1-1/4X12',75,55,0,0,0,SAMCO, 2018-09-13,
01087,TURNBUCKLE GALV - E&E 1-1/4X12',65,45,0,0,0,SAMCO, 2018-09-13,
01088,TURNBUCKLE GALV - J&J 1/2X6',12,3,0,0,0,SAMCO, 2018-09-13,
01089,TURNBUCKLE GALV - 1X12',50,35,0,0,0,SAMCO,,
01090,TURNBUCKLE GALV - 3/4X12',23,0,0,0,0,SAMCO,,
01091,TURNBUCKLE GALV - J&J  5/8X6',15,4.5,0,0,0,SAMCO, 2018-09-13,
01092,TURNBUCKLE GALV - 7/8X12',45,0,0,0,0,SAMCO,,
01093,TURNBUCKLE SS - 1/2',24,0,0,0,0,SAMCO,,
01094,TURNBUCKLE SS - 3/4',37,0,0,0,0,UNKNOWN,,
01095,TURNBUCKLE SS - 3/4X6',37,0,0,0,0,UNKNOWN,,
01096,TURNBUCKLE SS - 5/8X6',25,0,0,0,0,SAMCO,,
01097,TURNBUCKLE SS - 1/4',11,0,0,0,0,SAMCO,,
01098,"ANTENNA - TV SEAWATCH 19""",175.25,133.25,0,0,0,DONOVAN,,
01099,TWINE - BRAIDED 2LB,25,0,0,0,0,TYTAN,,
01100,TWINE - GREEN,10,0,0,0,0,TYTAN,,
01101,TWINE - PURPLE 1LB,15,0,0,0,0,TYTAN,,
01102,TWINE - WHITE,9,0,0,0,0,TYTAN,,
01103,VALVE CORES B10-740,1,0,0,0,0,UNKNOWN,,
01104,VALVE R22,,0,0,0,0,UNKNOWN,,
01105,VICE - SPLICE DEVICE,650,0,0,0,0,UNKNOWN,,
01106,VOLTAGE REGULATOR SX-460,85,0,0,0,0,AMAZON,,
01107,WASHER - 1/4 X 2-1/4,28,0,0,0,0,IMPORT,,
01108,WASHER - 1/8 X 2-1/4,,0,0,0,0,IMPORT,,
01109,WASHER - 1-3/4',12,0,0,0,0,IMPORT,,
01110,WATER HOSE 2-PLY 50',12,0,0,0,0,WHOLESALE,,
01111,WATER HOSE 2-PLY 60',15,0,0,0,0,WHOLESALE,,
01112,WATER HOSE NOZZLE,5,0,0,0,0,WHOLESALE,,
01113,WATER PUMP - 3HP 2',341,221.52,0,0,0,BANJO,,
01114,WATER PUMP - 5HP 3',705,534.94,0,0,0,BANJO,,
01115,WD-40 INDUSTRIAL - 16OZ,11.5,0,0,0,0,UNKNOWN,,
01116,TRAWL DOOR SET - FIBERGLASS 11X44,15000,0,0,0,0,UNKNOWN,,
01117,FILTER AIR - AF4178,115,0,0,0,0,UNKNOWN,,
01118,WEBBING - AQUAMARINE (RETAIL),7.5,4,0,0,0,TYTAN,,
01119,WEBBING - AQUAMARINE (DISTRIBUTOR),5.75,4,0,0,0,TYTAN,,
01120,ROPE DOUBLE BRAIDED - 1/8' #4 (SPOOL),55,0,0,0,0,UNKNOWN,,
01121,MOTOR - 2HP 3600RPM 56C,308.75,247,0,0,0,WOFFORD,,
01122,WEBBING - HDPE (RETAIL),5,2.85,0,0,0,TYTAN,,
01123,MOTOR - 3HP 1800RPM 182TC,487.5,390,0,0,0,WOFFORD,,
01124,WEBBING - NYLON (RETAIL),5.5,3.75,0,0,0,TYTAN,,
01125,MOTOR - 3HP 2P 145T,310,248,0,0,0,WOFFORD,,
01126,ROUND BAR SS - 5/8' (12FT),50,34,0,0,0,REGIONAL STEEL,,
01127,WEBBING - PLASTIC,8,0,0,0,0,TYTAN,,
01128,BELT - C204,398,0,0,0,0,UNKNOWN,,
01129,CHAIN DOUBLE HALF LINK #100,10,0,0,0,0,TYTAN,,
01130,test113,0,0,0,0,0,UNKNOWN,,
01131,CHAIN DOUBLE MASTER LINK #100,10,0,0,0,0,TYTAN,,
01132,ANCHOR WINCH SS,9250,0,0,0,0,UNKNOWN,,
01133,BUSHING - SFX1.5,25,0,0,0,0,UNKNOWN,,
01134,WELDING ROD - 308L,9,4.6,-10,0,0,AIRGAS,,
01135,WELDING ROD - 309L,10,6.2,0,0,0,AIRGAS,,
01136,WELDING ROD - 316L,12,0,0,0,0,AIRGAS,,
01137,WELDING ROD - 6011,3.5,1.85,0,0,0,AIRGAS,,
01138,WELDING ROD - 7018,3.5,1.5,0,0,0,AIRGAS,,
01139,WELDING ROD - 7024,4,2.56,0,0,0,AIRGAS,,
01140,WELDING ROD - COPPER,6,0,0,0,0,AIRGAS,,
01141,WHISTLE,5,0,0,0,0,COMMODORE,,
01142,WHITE TARPAULIN HEAVY DUTY - 20X20,531.56,425.25,0,0,0,SSC,,
01143,WHITE TARPAULIN HEAVY DUTY - 21X21,576.56,461.25,0,0,0,SSC,,
01144,WHITE TARPAULIN HEAVY DUTY - 14X16,317.81,254.25,0,0,0,SSC,,
01145,WINDOW SCREW,0.5,0,0,0,0,UNKNOWN,,
01146,WIRE WHEEL BRUSH - 4.1/2',12,0,0,0,0,WHOLESALE,,
01147,WOOD - 4X4X12,21,0,0,0,0,MCCOY,,
01148,WOODEN FLIPPER 12',3.5,2.53,0,0,0,COMMODORE,,
01149,WOODEN FLIPPER 5',1,0,0,0,0,COMMODORE,,
01150,WOODEN FLIPPER 6',1.2,0.76,0,0,0,COMMODORE,,
01151,WOODEN KEEPER,0.75,0.5,0,0,0,COMMODORE,,
01152,WRENCH 10',8,0,0,0,0,WHOLESALE,,
01153,WRENCH 12',10,0,0,0,0,WHOLESALE,,
01154,WRENCH 15',12,0,0,0,0,WHOLESALE,,
01155,WRENCH 9/16',2.5,0,0,0,0,WHOLESALE,,
01156,WRENCH MECHANICAL COMBINATION SET,24,0,0,0,0,WHOLESALE,,
01157,XROPE - DOUBLE BRAIDED 5/16',55,0,0,0,0,TYTAN,,
01158,YAESU - FT-2900R/E,275,0,0,0,0,UNKNOWN,,
01159,YARDSTICK - ALUMINUM,5,0,0,0,0,UNKNOWN,,
01160,YARDSTICK - WOOD,2.5,0,0,0,0,UNKNOWN,,
01161,ZINC - ALUMINUM (323864),57.25,32.25,0,0,0,UNKNOWN,,
01162,ZINC - R4,30,0,0,0,0,UNKNOWN,,
01163,ZINC BALL SHAFT - 1',13,0,0,0,0,UNKNOWN,,
01164,ZINC BALL SHAFT - 1/2',13,0,0,0,0,UNKNOWN,,
01165,ZINC BALL SHAFT - 1-1/2',17,0,0,0,0,UNKNOWN,,
01166,ZINC BALL SHAFT - 1-1/4',13,0,0,0,0,UNKNOWN,,
01167,ZINC BALL SHAFT - 1-1/8',13,0,0,0,0,UNKNOWN,,
01168,ZINC BALL SHAFT - 1-3/4',26,0,0,0,0,UNKNOWN,,
01169,ZINC BALL SHAFT - 1-3/8',17,0,0,0,0,UNKNOWN,,
01170,ZINC BALL SHAFT - 2',27,0,0,0,0,UNKNOWN,,
01171,ZINC BALL SHAFT - 2-1/2',56,0,0,0,0,UNKNOWN,,
01172,ZINC BALL SHAFT - 2-1/4',57,0,0,0,0,UNKNOWN,,
01173,ZINC BALL SHAFT - 2-3/4',74,0,0,0,0,UNKNOWN,,
01174,ZINC BALL SHAFT - 3',67,0,0,0,0,UNKNOWN,,
01175,ZINC BALL SHAFT - 3/4',10,0,0,0,0,UNKNOWN,,
01176,ZINC BALL SHAFT - 3-1/2',86,0,0,0,0,UNKNOWN,,
01177,ZINC BALL SHAFT - 4',90,0,0,0,0,UNKNOWN,,
01178,ZINC BALL SHAFT - 7/8',13,0,0,0,0,UNKNOWN,,
01179,ZINC BAR - 12LBS (323838),42.39,31.27,0,0,0,DONOVAN,,
01180,ZINC BAR - 24LBS (323840),77.09,58.22,0,0,0,DONOVAN,,
01181,BLOCK - 6 TON,45,0,1,0,0,UNKNOWN,,
01182,TURNBUCKLE SS - 5/8,44.9,0,1,0,0,UNKNOWN,,
01183,RUST DISSOLVE (BOX),68,0,1,0,0,UNKNOWN,,
01184,CHAIN SS - 3/8' (200' BARREL),950,800,1,0,0,SAMCO,,
01185,WIND SEAPLOT SOFTWARE-KEY,900,0,1,0,0,UNKNOWN,,
01186,WHITE TARPAULIN HEAVY DUTY - 23X23,446.25,357,1,0,0,SSC,,
01187,SHAFT SS - 1' (FT),17,0,1,0,0,UNKNOWN,,
01188,PTO - YOKE,65,0,0,0,0,UNKNOWN,,
01189,SOLENOID REPAIR KIT,60,0,0,0,0,UNKNOWN,,
01190,OUTRIGGER SWIVEL SS,725,0,0,0,0,UNKNOWN,,
01191,WHITE TARPAULIN HEAVY DUTY - 22X22,562.5,450,0,0,0,SSC,,
01192,BATTERY CHARGER - 24V,900,0,0,0,0,UNKNOWN,,
01193,test123,4,0,4,0,0,UNKNOWN,9/24/2018,
01194,APRON - BLACK (HEAVY DUTY),15,8.98,0,0,1,HERITAGE,,
01195,APRON - YELLOW (HEAVY DUTY),15,8.98,0,0,1,HERITAGE,,
01196,FISKAR SCISSOR - GREY,20.39,14.85,0,24,0,HERITAGE,,
01197,CHAIN SS - 7/16' (300' BARREL),1925,1725,0,0,0,SAMCO,,
01198,SPROCKET - DOUBLE 15 TEETH #100,114.78,88.29,0,0,0,MOTION,,
01199,SPROCKET - DOUBLE 45 TEETH #100,775.24,596.34,0,0,0,MOTION,,
01200,BUSHING - SF 2-7/16',75,0,0,0,0,MOTION, 2018-09-14,
01201,WEBBING - NYLON (WHOLESALE),5.15,3.75,0,0,0,TYTAN,,
01202,BUSHING - 3',105,0,0,0,0,MOTION,,
01203,WEBBING - NYLON (DISTRIBUTOR),4.38,3.75,0,0,0,TYTAN,,
01204,WEBBING - HDPE (WHOLESALE),4.57,2.85,0,0,0,TYTAN,,
01205,BATTERY - CON 8D (NO CORE RETURNED),244.99,187.98,0,0,0,POPPE,,
01206,WEBBING - HDPE (DISTRIBUTOR),3.93,2.85,0,0,0,TYTAN,,
01207,BATTERY - CON 4D (NO CORE RETURNED),129.49,91.36,0,0,0,POPPE,,
01208,PRESSURE SWICHGAGE 0-100PSI (772335),101.98,61.19,0,0,0,DONOVAN,,
01209,PRESSURE SWICHGAGE 0-400PSI (772331),181.98,109.19,0,0,0,DONOVAN,,
01210,OIL PRESSURE SENDER 100PSI (3512295),55.29,29.39,0,0,0,DONOVAN,,
01211,PACKING ROPE - 1' (380131),128.99,77.39,0,0,0,DONOVAN,,
01212,PACKING ROPE - 3/8' (380078),128.99,77.39,0,0,0,DONOVAN,,
01213,BILGE GAUGE LEVEL (772398),475.19,248.39,0,0,0,DONOVAN,,
01214,HIGH CAPACITY CORE H-48,32,0,0,0,0,JOHNSTONE,,
01215,FIBERGLASS MESH THIN - FT,4.5,0,0,0,0,JOHNSON,,
01216,FIBERGLASS MESH THICK - FT,5.5,0,0,0,0,JOHNSON,,
01217,INSULATION FOAM - 4' x 8' x 3.5',28,0,0,0,0,UNKNOWN,,
01218,FIBERGLASS GEL COAT,65,0,0,0,0,JOHNSON,,
01219,WHITE TARPAULIN HEAVY DUTY - 14X18,345,276,0,0,0,SSC,,
01220,WHITE TARPAULIN HEAVY DUTY - 15X15,331.88,265.5,0,0,0,SSC,,
01221,WHITE TARPAULIN HEAVY DUTY - 16X16,360,288,0,0,0,SSC,,
01222,WHITE TARPAULIN HEAVY DUTY - 17X17,396.56,317.25,0,0,0,SSC,,
01223,WHITE TARPAULIN HEAVY DUTY - 18X18,440.62,352.5,0,0,0,SSC,,
01224,WHITE TARPAULIN HEAVY DUTY - 19X19,478.12,382.5,0,0,0,SSC,,
01225,CHAIN GALV - 1/2' (200' BARREL),600,520,0,0,0,SAMCO,,
01226,TURNBUCKLE GALV - 1X6',40,25,0,0,0,SAMCO,,
01227,CHAIN GALV - 3/4' (100' BARREL),1275,1120,0,0,0,SAMCO,,
01228,BELT - B43,10,0,0,0,0,UNKNOWN,,
01229,ROPE POLYPRO - 7/8 (1200' REEL),299.62,239.7,0,0,0,TYTAN,,
01230,ROPE NYLON - 2-1/2 (600' REEL),2500,2241.85,0,0,0,TYTAN,,
01231,CHAIN SS - 5/16 (FT),5.5,3.1,0,0,0,SAMCO,,
01232,PIPE SS - 1/2' SCH40 304L (FT),12.48,9.6,0,0,0,REGIONAL STEEL,,
01233,PIPE SS - 1/2' SCH40 304L (20FT),124,9.6,0,0,0,REGIONAL STEEL,,
01234,PIPE SS - 1' SCH40 304L (FT),19.1,14.76,0,0,0,REGIONAL STEEL,,
01235,PIPE SS - 1' SCH40 304L (20FT),354.24,14.76,0,0,0,REGIONAL STEEL,,
01236,ROUND BAR SS - 7/8' (FT),18.6,14,0,0,0,REGIONAL STEEL,,
01237,FILTER - LAF15 - AF1869,0,52.68,40.29,0,0,SOUTH TEXAS OIL,,
01238,PTO - CLUTCH SP211C006,836.25,669.23,2,1,0,SEWART,,
01239,PIPE WRENCH 14',27.68,0,0,0,0,WHOLESALE,,
01240,PTO - LEVER - SHORT (X3799E),51,42.12,0,0,0,SEWART,,
01241,TELEFLEX - ENGINE CONTROL CABLE 18' (8031270),46.69,28.01,0,0,0,DONOVAN,,
01242,GLOVE - RUBBER DOTTED (DOZEN),15,0,0,0,1,HERITAGE WHOLESALE,,
01243,BEARING - KML - UCPE207-20 (1-1/4),22,17.09,0,0,0,MOTION,,
01244,ROLLER CHAIN SINGLE #100 COT IMPORT (FT) [SAPPHIRE],0,16.48,0,0,0,MOTION,,
01245,ROLLER CHAIN SINGLE #100 RIV IMPORT (FT) [SAPPHIRE],0,13.86,0,0,0,MOTION,,
01246,NEW 01245,0,0,0,0,0,MOTION,,
01247,TRAWL DOOR SET - FIBERGLASS 9 X 42 (PAIR),1200,0,0,0,0,CUSTOM, 2018-09-12,
